ref_area.label,indicator.label,source.label,sex.label,classif1.label,time,obs_value,obs_status.label,note_classif.label,note_indicator.label,note_source.label
Albania,SDG indicator 8.5.2 - Unemployment rate (%),ALB - LFS - Labour Force Survey,Sex: Total,"Age (Youth, adults): 15-64",2015,17.5806,,,,Repository: ILO-STATISTICS - Micro data processing
Albania,SDG indicator 8.5.2 - Unemployment rate (%),ALB - LFS - Labour Force Survey,Sex: Total,"Age (Youth, adults): 15-64",2016,15.8059,,,,Repository: ILO-STATISTICS - Micro data processing
Albania,SDG indicator 8.5.2 - Unemployment rate (%),ALB - LFS - Labour Force Survey,Sex: Total,"Age (Youth, adults): 15-64",2017,13.9826,,,,Repository: ILO-STATISTICS - Micro data processing
Albania,SDG indicator 8.5.2 - Unemployment rate (%),ALB - LFS - Labour Force Survey,Sex: Total,"Age (Youth, adults): 15-64",2018,12.7767,,,,Repository: ILO-STATISTICS - Micro data processing
Albania,SDG indicator 8.5.2 - Unemployment rate (%),ALB - LFS - Labour Force Survey,Sex: Total,"Age (Youth, adults): 15-64",2019,11.9473,,,,Repository: ILO-STATISTICS - Micro data processing
United Arab Emirates,SDG indicator 8.5.2 - Unemployment rate (%),ARE - LFS - Labour force survey,Sex: Total,"Age (Youth, adults): 15-64",2017,2.469,,,,Repository: ILO-STATISTICS - Micro data processing
United Arab Emirates,SDG indicator 8.5.2 - Unemployment rate (%),ARE - LFS - Labour force survey,Sex: Total,"Age (Youth, adults): 15-64",2019,2.238,,,,Repository: ILO-STATISTICS - Micro data processing
Argentina,SDG indicator 8.5.2 - Unemployment rate (%),ARG - LFS - Encuesta Permanente de Hogares (Urban),Sex: Total,"Age (Youth, adults): 15-64",2017,8.5335,,,,Repository: ILO-STATISTICS - Micro data processing | Geographical coverage: Main cities or metropolitan areas
Argentina,SDG indicator 8.5.2 - Unemployment rate (%),ARG - LFS - Encuesta Permanente de Hogares (Urban),Sex: Total,"Age (Youth, adults): 15-64",2018,9.3666,,,,Repository: ILO-STATISTICS - Micro data processing | Geographical coverage: Main cities or metropolitan areas
Argentina,SDG indicator 8.5.2 - Unemployment rate (%),ARG - LFS - Encuesta Permanente de Hogares (Urban),Sex: Total,"Age (Youth, adults): 15-64",2019,10.0923,,,,Repository: ILO-STATISTICS - Micro data processing | Geographical coverage: Main cities or metropolitan areas
Armenia,SDG indicator 8.5.2 - Unemployment rate (%),ARM - LFS - Household Labour Force Survey,Sex: Total,"Age (Youth, adults): 15-64",2015,18.8186,,,,Repository: ILO-STATISTICS - Micro data processing | Age coverage - maximum age: 75 years old
Armenia,SDG indicator 8.5.2 - Unemployment rate (%),ARM - LFS - Household Labour Force Survey,Sex: Total,"Age (Youth, adults): 15-64",2016,18.1652,,,,Repository: ILO-STATISTICS - Micro data processing | Age coverage - maximum age: 75 years old
Armenia,SDG indicator 8.5.2 - Unemployment rate (%),ARM - LFS - Household Labour Force Survey,Sex: Total,"Age (Youth, adults): 15-64",2017,18.2708,,,,Repository: ILO-STATISTICS - Micro data processing | Age coverage - maximum age: 75 years old
Armenia,SDG indicator 8.5.2 - Unemployment rate (%),ARM - LFS - Household Labour Force Survey,Sex: Total,"Age (Youth, adults): 15-64",2018,19.3374,,,,Repository: ILO-STATISTICS - Micro data processing | Age coverage - maximum age: 75 years old
Australia,SDG indicator 8.5.2 - Unemployment rate (%),AUS - LFS - Labour Force Survey,Sex: Total,"Age (Youth, adults): 15-64",2015,6.2178,,,,
Australia,SDG indicator 8.5.2 - Unemployment rate (%),AUS - LFS - Labour Force Survey,Sex: Total,"Age (Youth, adults): 15-64",2016,5.8676,,,,
Australia,SDG indicator 8.5.2 - Unemployment rate (%),AUS - LFS - Labour Force Survey,Sex: Total,"Age (Youth, adults): 15-64",2017,5.7566,,,,
Australia,SDG indicator 8.5.2 - Unemployment rate (%),AUS - LFS - Labour Force Survey,Sex: Total,"Age (Youth, adults): 15-64",2018,5.4573,,,,
Australia,SDG indicator 8.5.2 - Unemployment rate (%),AUS - LFS - Labour Force Survey,Sex: Total,"Age (Youth, adults): 15-64",2019,5.3115,,,,
Austria,SDG indicator 8.5.2 - Unemployment rate (%),AUT - LFS - EU Labour Force Survey,Sex: Total,"Age (Youth, adults): 15-64",2015,5.8226,,,,Repository: Eurostat special tabulation
Austria,SDG indicator 8.5.2 - Unemployment rate (%),AUT - LFS - EU Labour Force Survey,Sex: Total,"Age (Youth, adults): 15-64",2016,6.1113,,,,Repository: Eurostat special tabulation
Austria,SDG indicator 8.5.2 - Unemployment rate (%),AUT - LFS - EU Labour Force Survey,Sex: Total,"Age (Youth, adults): 15-64",2017,5.5785,,,,Repository: Eurostat special tabulation
Austria,SDG indicator 8.5.2 - Unemployment rate (%),AUT - LFS - EU Labour Force Survey,Sex: Total,"Age (Youth, adults): 15-64",2018,4.9212,,,,Repository: Eurostat special tabulation
Austria,SDG indicator 8.5.2 - Unemployment rate (%),AUT - LFS - EU Labour Force Survey,Sex: Total,"Age (Youth, adults): 15-64",2019,4.5524,,,,Repository: Eurostat special tabulation
Azerbaijan,SDG indicator 8.5.2 - Unemployment rate (%),AZE - LFS - Labour Force Survey,Sex: Total,"Age (Youth, adults): 15-64",2015,4.99,,,,Data reference period: End of the year | Population coverage: Excluding both institutional population and armed forces and/or conscripts
Azerbaijan,SDG indicator 8.5.2 - Unemployment rate (%),AZE - LFS - Labour Force Survey,Sex: Total,"Age (Youth, adults): 15-64",2019,4.89,,,,Employment definition: Excluding own-use production workers | Data reference period: End of the year | Population coverage: Excluding both institutional population and armed forces and/or conscripts
Belgium,SDG indicator 8.5.2 - Unemployment rate (%),BEL - LFS - EU Labour Force Survey,Sex: Total,"Age (Youth, adults): 15-64",2015,8.5637,,,,Repository: Eurostat special tabulation
Belgium,SDG indicator 8.5.2 - Unemployment rate (%),BEL - LFS - EU Labour Force Survey,Sex: Total,"Age (Youth, adults): 15-64",2016,7.888,,,,Repository: Eurostat special tabulation
Belgium,SDG indicator 8.5.2 - Unemployment rate (%),BEL - LFS - EU Labour Force Survey,Sex: Total,"Age (Youth, adults): 15-64",2017,7.1472,Break in series,,Break in series: Methodology revised,Repository: Eurostat special tabulation
Belgium,SDG indicator 8.5.2 - Unemployment rate (%),BEL - LFS - EU Labour Force Survey,Sex: Total,"Age (Youth, adults): 15-64",2018,6.0033,,,,Repository: Eurostat special tabulation
Belgium,SDG indicator 8.5.2 - Unemployment rate (%),BEL - LFS - EU Labour Force Survey,Sex: Total,"Age (Youth, adults): 15-64",2019,5.4095,,,,Repository: Eurostat special tabulation
Burkina Faso,SDG indicator 8.5.2 - Unemployment rate (%),BFA - LFS - Enquête Régionale Intégrée sur l'Emploi et le Secteur Informel,Sex: Total,"Age (Youth, adults): 15-64",2018,4.8202,,,,Repository: ILO-STATISTICS - Micro data processing | Age coverage - minimum age: 10 years old | Age coverage - maximum age: 75 years old
Bangladesh,SDG indicator 8.5.2 - Unemployment rate (%),BGD - LFS - Labour Force Survey,Sex: Total,"Age (Youth, adults): 15-64",2016,4.5,,,,Population coverage: Excluding both institutional population and armed forces and/or conscripts
Bangladesh,SDG indicator 8.5.2 - Unemployment rate (%),BGD - LFS - Labour Force Survey,Sex: Total,"Age (Youth, adults): 15-64",2017,4.5476,,,,Repository: ILO-STATISTICS - Micro data processing
Bulgaria,SDG indicator 8.5.2 - Unemployment rate (%),BGR - LFS - EU Labour Force Survey,Sex: Total,"Age (Youth, adults): 15-64",2015,9.2339,,,,Repository: Eurostat special tabulation
Bulgaria,SDG indicator 8.5.2 - Unemployment rate (%),BGR - LFS - EU Labour Force Survey,Sex: Total,"Age (Youth, adults): 15-64",2016,7.6661,,,,Repository: Eurostat special tabulation
Bulgaria,SDG indicator 8.5.2 - Unemployment rate (%),BGR - LFS - EU Labour Force Survey,Sex: Total,"Age (Youth, adults): 15-64",2017,6.2277,,,,Repository: Eurostat special tabulation
Bulgaria,SDG indicator 8.5.2 - Unemployment rate (%),BGR - LFS - EU Labour Force Survey,Sex: Total,"Age (Youth, adults): 15-64",2018,5.2718,,,,Repository: Eurostat special tabulation
Bulgaria,SDG indicator 8.5.2 - Unemployment rate (%),BGR - LFS - EU Labour Force Survey,Sex: Total,"Age (Youth, adults): 15-64",2019,4.2758,,,,Repository: Eurostat special tabulation
Bosnia and Herzegovina,SDG indicator 8.5.2 - Unemployment rate (%),BIH - LFS - Labour Force Survey,Sex: Total,"Age (Youth, adults): 15-64",2015,28.2276,,,,Repository: ILO-STATISTICS - Micro data processing
Bosnia and Herzegovina,SDG indicator 8.5.2 - Unemployment rate (%),BIH - LFS - Labour Force Survey,Sex: Total,"Age (Youth, adults): 15-64",2016,25.7653,,,,Repository: ILO-STATISTICS - Micro data processing
Bosnia and Herzegovina,SDG indicator 8.5.2 - Unemployment rate (%),BIH - LFS - Labour Force Survey,Sex: Total,"Age (Youth, adults): 15-64",2017,21.0912,,,,Repository: ILO-STATISTICS - Micro data processing
Bosnia and Herzegovina,SDG indicator 8.5.2 - Unemployment rate (%),BIH - LFS - Labour Force Survey,Sex: Total,"Age (Youth, adults): 15-64",2018,18.8758,,,,Repository: ILO-STATISTICS - Micro data processing
Bosnia and Herzegovina,SDG indicator 8.5.2 - Unemployment rate (%),BIH - LFS - Labour Force Survey,Sex: Total,"Age (Youth, adults): 15-64",2019,16.398,,,,Repository: ILO-STATISTICS - Micro data processing
Belarus,SDG indicator 8.5.2 - Unemployment rate (%),BLR - LFS - Labour force survey,Sex: Total,"Age (Youth, adults): 15-64",2016,5.88,,,,Population coverage: Excluding non-permanent residents | Institutional sector coverage: Private sector only | Age coverage - maximum age: 74 years old
Belarus,SDG indicator 8.5.2 - Unemployment rate (%),BLR - LFS - Labour force survey,Sex: Total,"Age (Youth, adults): 15-64",2017,5.63,,,,Employment definition: Excluding own-use production workers | Population coverage: Excluding non-permanent residents | Institutional sector coverage: Private sector only | Age coverage - maximum age: 74 years old
Belarus,SDG indicator 8.5.2 - Unemployment rate (%),BLR - LFS - Labour force survey,Sex: Total,"Age (Youth, adults): 15-64",2018,4.77,,,,Employment definition: Excluding own-use production workers | Population coverage: Excluding non-permanent residents | Age coverage - maximum age: 74 years old
Belize,SDG indicator 8.5.2 - Unemployment rate (%),BLZ - LFS - Labour force survey,Sex: Total,"Age (Youth, adults): 15-64",2015,7.7024,,,,Repository: ILO-STATISTICS - Micro data processing
Belize,SDG indicator 8.5.2 - Unemployment rate (%),BLZ - LFS - Labour force survey,Sex: Total,"Age (Youth, adults): 15-64",2016,7.1854,,,,Repository: ILO-STATISTICS - Micro data processing
Belize,SDG indicator 8.5.2 - Unemployment rate (%),BLZ - LFS - Labour force survey,Sex: Total,"Age (Youth, adults): 15-64",2017,6.7931,,,,Repository: ILO-STATISTICS - Micro data processing
Bolivia,SDG indicator 8.5.2 - Unemployment rate (%),BOL - LFS - Encuesta Continua de Empleo,Sex: Total,"Age (Youth, adults): 15-64",2016,3.7137,,,,Repository: ILO-STATISTICS - Micro data processing
Bolivia,SDG indicator 8.5.2 - Unemployment rate (%),BOL - LFS - Encuesta Continua de Empleo,Sex: Total,"Age (Youth, adults): 15-64",2017,3.9251,,,,Repository: ILO-STATISTICS - Micro data processing
Bolivia,SDG indicator 8.5.2 - Unemployment rate (%),BOL - LFS - Encuesta Continua de Empleo,Sex: Total,"Age (Youth, adults): 15-64",2018,3.8059,,,,Repository: ILO-STATISTICS - Micro data processing
Bolivia,SDG indicator 8.5.2 - Unemployment rate (%),BOL - HIES - Encuesta de Hogares,Sex: Total,"Age (Youth, adults): 15-64",2015,3.2681,,,,Repository: ILO-STATISTICS - Micro data processing
Brazil,SDG indicator 8.5.2 - Unemployment rate (%),BRA - HS - Pesquisa Nacional por Amostra de Domicílios Contínua,Sex: Total,"Age (Youth, adults): 15-64",2015,8.6215,,,,Repository: ILO-STATISTICS - Micro data processing
Brazil,SDG indicator 8.5.2 - Unemployment rate (%),BRA - HS - Pesquisa Nacional por Amostra de Domicílios Contínua,Sex: Total,"Age (Youth, adults): 15-64",2016,11.8631,,,,Repository: ILO-STATISTICS - Micro data processing
Brazil,SDG indicator 8.5.2 - Unemployment rate (%),BRA - HS - Pesquisa Nacional por Amostra de Domicílios Contínua,Sex: Total,"Age (Youth, adults): 15-64",2017,13.1174,,,,Repository: ILO-STATISTICS - Micro data processing
Brazil,SDG indicator 8.5.2 - Unemployment rate (%),BRA - HS - Pesquisa Nacional por Amostra de Domicílios Contínua,Sex: Total,"Age (Youth, adults): 15-64",2018,12.6333,,,,Repository: ILO-STATISTICS - Micro data processing
Brazil,SDG indicator 8.5.2 - Unemployment rate (%),BRA - HS - Pesquisa Nacional por Amostra de Domicílios Contínua,Sex: Total,"Age (Youth, adults): 15-64",2019,12.2362,,,,Repository: ILO-STATISTICS - Micro data processing
Barbados,SDG indicator 8.5.2 - Unemployment rate (%),BRB - LFS - Labour Force Survey,Sex: Total,"Age (Youth, adults): 15-64",2015,11.67,,,,
Barbados,SDG indicator 8.5.2 - Unemployment rate (%),BRB - LFS - Labour Force Survey,Sex: Total,"Age (Youth, adults): 15-64",2016,10.02,,,,
Brunei Darussalam,SDG indicator 8.5.2 - Unemployment rate (%),BRN - LFS - Labour force survey,Sex: Total,"Age (Youth, adults): 15-64",2017,9.4013,,,,Repository: ILO-STATISTICS - Micro data processing | Employment definition: Excluding own-use production workers
Brunei Darussalam,SDG indicator 8.5.2 - Unemployment rate (%),BRN - LFS - Labour force survey,Sex: Total,"Age (Youth, adults): 15-64",2018,8.813,,,,Repository: ILO-STATISTICS - Micro data processing | Employment definition: Excluding own-use production workers
Brunei Darussalam,SDG indicator 8.5.2 - Unemployment rate (%),BRN - LFS - Labour force survey,Sex: Total,"Age (Youth, adults): 15-64",2019,7.0226,,,,Repository: ILO-STATISTICS - Micro data processing | Employment definition: Excluding own-use production workers
Bhutan,SDG indicator 8.5.2 - Unemployment rate (%),BTN - LFS - Labour Force Survey Report,Sex: Total,"Age (Youth, adults): 15-64",2015,2.58,,,,"Data reference period: November | Geographical coverage: Total national, excluding overseas territories"
Canada,SDG indicator 8.5.2 - Unemployment rate (%),CAN - LFS - Labour Force Survey,Sex: Total,"Age (Youth, adults): 15-64",2015,6.9993,,,,Repository: ILO-STATISTICS - Micro data processing
Canada,SDG indicator 8.5.2 - Unemployment rate (%),CAN - LFS - Labour Force Survey,Sex: Total,"Age (Youth, adults): 15-64",2016,7.0989,,,,Repository: ILO-STATISTICS - Micro data processing
Canada,SDG indicator 8.5.2 - Unemployment rate (%),CAN - LFS - Labour Force Survey,Sex: Total,"Age (Youth, adults): 15-64",2017,6.3939,,,,Repository: ILO-STATISTICS - Micro data processing
Canada,SDG indicator 8.5.2 - Unemployment rate (%),CAN - LFS - Labour Force Survey,Sex: Total,"Age (Youth, adults): 15-64",2018,5.903,,,,Repository: ILO-STATISTICS - Micro data processing
Canada,SDG indicator 8.5.2 - Unemployment rate (%),CAN - LFS - Labour Force Survey,Sex: Total,"Age (Youth, adults): 15-64",2019,5.7444,,,,Repository: ILO-STATISTICS - Micro data processing
Switzerland,SDG indicator 8.5.2 - Unemployment rate (%),CHE - LFS - EU Labour Force Survey,Sex: Total,"Age (Youth, adults): 15-64",2015,4.92,,,,Repository: Eurostat special tabulation
Switzerland,SDG indicator 8.5.2 - Unemployment rate (%),CHE - LFS - EU Labour Force Survey,Sex: Total,"Age (Youth, adults): 15-64",2016,5.0861,,,,Repository: Eurostat special tabulation
Switzerland,SDG indicator 8.5.2 - Unemployment rate (%),CHE - LFS - EU Labour Force Survey,Sex: Total,"Age (Youth, adults): 15-64",2017,4.9633,,,,Repository: Eurostat special tabulation
Switzerland,SDG indicator 8.5.2 - Unemployment rate (%),CHE - LFS - EU Labour Force Survey,Sex: Total,"Age (Youth, adults): 15-64",2018,4.873,,,,Repository: Eurostat special tabulation
Switzerland,SDG indicator 8.5.2 - Unemployment rate (%),CHE - LFS - EU Labour Force Survey,Sex: Total,"Age (Youth, adults): 15-64",2019,4.5224,,,,Repository: Eurostat special tabulation
Chile,SDG indicator 8.5.2 - Unemployment rate (%),CHL - LFS - Encuesta Nacional de Empleo,Sex: Total,"Age (Youth, adults): 15-64",2015,6.7676,,,,Repository: ILO-STATISTICS - Micro data processing
Chile,SDG indicator 8.5.2 - Unemployment rate (%),CHL - LFS - Encuesta Nacional de Empleo,Sex: Total,"Age (Youth, adults): 15-64",2016,7.0516,,,,Repository: ILO-STATISTICS - Micro data processing
Chile,SDG indicator 8.5.2 - Unemployment rate (%),CHL - LFS - Encuesta Nacional de Empleo,Sex: Total,"Age (Youth, adults): 15-64",2017,7.3041,,,,Repository: ILO-STATISTICS - Micro data processing
Chile,SDG indicator 8.5.2 - Unemployment rate (%),CHL - LFS - Encuesta Nacional de Empleo,Sex: Total,"Age (Youth, adults): 15-64",2018,7.6291,,,,Repository: ILO-STATISTICS - Micro data processing
Chile,SDG indicator 8.5.2 - Unemployment rate (%),CHL - LFS - Encuesta Nacional de Empleo,Sex: Total,"Age (Youth, adults): 15-64",2019,7.6957,,,,Repository: ILO-STATISTICS - Micro data processing
Côte d'Ivoire,SDG indicator 8.5.2 - Unemployment rate (%),CIV - LFS - Enquête nationale sur la situacion de l'emploi,Sex: Total,"Age (Youth, adults): 15-64",2016,2.6346,,,,Repository: ILO-STATISTICS - Micro data processing
Côte d'Ivoire,SDG indicator 8.5.2 - Unemployment rate (%),CIV - LFS - Enquête Régionale Intégrée sur l'Emploi et le Secteur Informel,Sex: Total,"Age (Youth, adults): 15-64",2017,3.3429,,,,Repository: ILO-STATISTICS - Micro data processing
Colombia,SDG indicator 8.5.2 - Unemployment rate (%),COL - LFS - Gran Encuesta Integrada de Hogares,Sex: Total,"Age (Youth, adults): 15-64",2015,8.5372,,,,Repository: ILO-STATISTICS - Micro data processing
Colombia,SDG indicator 8.5.2 - Unemployment rate (%),COL - LFS - Gran Encuesta Integrada de Hogares,Sex: Total,"Age (Youth, adults): 15-64",2016,8.9558,,,,Repository: ILO-STATISTICS - Micro data processing
Colombia,SDG indicator 8.5.2 - Unemployment rate (%),COL - LFS - Gran Encuesta Integrada de Hogares,Sex: Total,"Age (Youth, adults): 15-64",2017,9.1648,,,,Repository: ILO-STATISTICS - Micro data processing
Colombia,SDG indicator 8.5.2 - Unemployment rate (%),COL - LFS - Gran Encuesta Integrada de Hogares,Sex: Total,"Age (Youth, adults): 15-64",2018,9.3937,,,,Repository: ILO-STATISTICS - Micro data processing
Colombia,SDG indicator 8.5.2 - Unemployment rate (%),COL - LFS - Gran Encuesta Integrada de Hogares,Sex: Total,"Age (Youth, adults): 15-64",2019,10.2575,,,,Repository: ILO-STATISTICS - Micro data processing
Cape Verde,SDG indicator 8.5.2 - Unemployment rate (%),CPV - LFS - Inquérito Multi-Objectivo Contínuo Estatísticas do Emprego e Mercado de Trabalho,Sex: Total,"Age (Youth, adults): 15-64",2015,31.6714,,,,Repository: ILO-STATISTICS - Micro data processing | Age coverage - minimum age: 16 years old
Cape Verde,SDG indicator 8.5.2 - Unemployment rate (%),CPV - LFS - Inquérito Multi-Objectivo Contínuo Estatísticas do Emprego e Mercado de Trabalho,Sex: Total,"Age (Youth, adults): 15-64",2017,12.42,,,,Employment definition: Including subsistence workers
Cape Verde,SDG indicator 8.5.2 - Unemployment rate (%),CPV - LFS - Inquérito Multi-Objectivo Contínuo Estatísticas do Emprego e Mercado de Trabalho,Sex: Total,"Age (Youth, adults): 15-64",2018,12.35,,,,Employment definition: Including subsistence workers
Cape Verde,SDG indicator 8.5.2 - Unemployment rate (%),CPV - LFS - Inquérito Multi-Objectivo Contínuo Estatísticas do Emprego e Mercado de Trabalho,Sex: Total,"Age (Youth, adults): 15-64",2019,11.41,,,,Employment definition: Including subsistence workers
Costa Rica,SDG indicator 8.5.2 - Unemployment rate (%),CRI - LFS - Encuesta Continua de Empleo,Sex: Total,"Age (Youth, adults): 15-64",2015,9.2114,,,,Repository: ILO-STATISTICS - Micro data processing
Costa Rica,SDG indicator 8.5.2 - Unemployment rate (%),CRI - LFS - Encuesta Continua de Empleo,Sex: Total,"Age (Youth, adults): 15-64",2016,8.7534,,,,Repository: ILO-STATISTICS - Micro data processing
Costa Rica,SDG indicator 8.5.2 - Unemployment rate (%),CRI - LFS - Encuesta Continua de Empleo,Sex: Total,"Age (Youth, adults): 15-64",2017,8.3114,,,,Repository: ILO-STATISTICS - Micro data processing
Costa Rica,SDG indicator 8.5.2 - Unemployment rate (%),CRI - LFS - Encuesta Continua de Empleo,Sex: Total,"Age (Youth, adults): 15-64",2018,9.87,,,,Repository: ILO-STATISTICS - Micro data processing
Costa Rica,SDG indicator 8.5.2 - Unemployment rate (%),CRI - LFS - Encuesta Continua de Empleo,Sex: Total,"Age (Youth, adults): 15-64",2019,11.7424,,,,Repository: ILO-STATISTICS - Micro data processing
Curaçao,SDG indicator 8.5.2 - Unemployment rate (%),CUW - LFS - Labour force survey,Sex: Total,"Age (Youth, adults): 15-64",2015,11.82,,,,Data reference period: September
Curaçao,SDG indicator 8.5.2 - Unemployment rate (%),CUW - LFS - Labour force survey,Sex: Total,"Age (Youth, adults): 15-64",2018,13.6,,,,Employment definition: Including subsistence workers | Data reference period: Fourth quarter | Age coverage - maximum age: 64 years old
Cyprus,SDG indicator 8.5.2 - Unemployment rate (%),CYP - LFS - EU Labour Force Survey,Sex: Total,"Age (Youth, adults): 15-64",2015,15.1839,,,,Repository: Eurostat special tabulation
Cyprus,SDG indicator 8.5.2 - Unemployment rate (%),CYP - LFS - EU Labour Force Survey,Sex: Total,"Age (Youth, adults): 15-64",2016,13.1948,,,,Repository: Eurostat special tabulation
Cyprus,SDG indicator 8.5.2 - Unemployment rate (%),CYP - LFS - EU Labour Force Survey,Sex: Total,"Age (Youth, adults): 15-64",2017,11.2832,,,,Repository: Eurostat special tabulation
Cyprus,SDG indicator 8.5.2 - Unemployment rate (%),CYP - LFS - EU Labour Force Survey,Sex: Total,"Age (Youth, adults): 15-64",2018,8.5619,,,,Repository: Eurostat special tabulation
Cyprus,SDG indicator 8.5.2 - Unemployment rate (%),CYP - LFS - EU Labour Force Survey,Sex: Total,"Age (Youth, adults): 15-64",2019,7.2541,,,,Repository: Eurostat special tabulation
Czechia,SDG indicator 8.5.2 - Unemployment rate (%),CZE - LFS - EU Labour Force Survey,Sex: Total,"Age (Youth, adults): 15-64",2015,5.1305,,,,Repository: Eurostat special tabulation
Czechia,SDG indicator 8.5.2 - Unemployment rate (%),CZE - LFS - EU Labour Force Survey,Sex: Total,"Age (Youth, adults): 15-64",2016,4.0269,,,,Repository: Eurostat special tabulation
Czechia,SDG indicator 8.5.2 - Unemployment rate (%),CZE - LFS - EU Labour Force Survey,Sex: Total,"Age (Youth, adults): 15-64",2017,2.941,,,,Repository: Eurostat special tabulation
Czechia,SDG indicator 8.5.2 - Unemployment rate (%),CZE - LFS - EU Labour Force Survey,Sex: Total,"Age (Youth, adults): 15-64",2018,2.2841,,,,Repository: Eurostat special tabulation
Czechia,SDG indicator 8.5.2 - Unemployment rate (%),CZE - LFS - EU Labour Force Survey,Sex: Total,"Age (Youth, adults): 15-64",2019,2.0605,,,,Repository: Eurostat special tabulation
Germany,SDG indicator 8.5.2 - Unemployment rate (%),DEU - LFS - EU Labour Force Survey,Sex: Total,"Age (Youth, adults): 15-64",2015,4.7208,,,,Repository: Eurostat special tabulation
Germany,SDG indicator 8.5.2 - Unemployment rate (%),DEU - LFS - EU Labour Force Survey,Sex: Total,"Age (Youth, adults): 15-64",2016,4.2129,,,,Repository: Eurostat special tabulation
Germany,SDG indicator 8.5.2 - Unemployment rate (%),DEU - LFS - EU Labour Force Survey,Sex: Total,"Age (Youth, adults): 15-64",2017,3.8295,,,,Repository: Eurostat special tabulation
Germany,SDG indicator 8.5.2 - Unemployment rate (%),DEU - LFS - EU Labour Force Survey,Sex: Total,"Age (Youth, adults): 15-64",2018,3.4645,,,,Repository: Eurostat special tabulation
Germany,SDG indicator 8.5.2 - Unemployment rate (%),DEU - LFS - EU Labour Force Survey,Sex: Total,"Age (Youth, adults): 15-64",2019,3.2136,,,,Repository: Eurostat special tabulation
Denmark,SDG indicator 8.5.2 - Unemployment rate (%),DNK - LFS - EU Labour Force Survey,Sex: Total,"Age (Youth, adults): 15-64",2015,6.4513,,,,Repository: Eurostat special tabulation
Denmark,SDG indicator 8.5.2 - Unemployment rate (%),DNK - LFS - EU Labour Force Survey,Sex: Total,"Age (Youth, adults): 15-64",2016,6.1523,Break in series,,Break in series: Methodology revised,Repository: Eurostat special tabulation
Denmark,SDG indicator 8.5.2 - Unemployment rate (%),DNK - LFS - EU Labour Force Survey,Sex: Total,"Age (Youth, adults): 15-64",2017,5.9885,Break in series,,Break in series: Methodology revised,Repository: Eurostat special tabulation
Denmark,SDG indicator 8.5.2 - Unemployment rate (%),DNK - LFS - EU Labour Force Survey,Sex: Total,"Age (Youth, adults): 15-64",2018,5.2652,,,,Repository: Eurostat special tabulation
Denmark,SDG indicator 8.5.2 - Unemployment rate (%),DNK - LFS - EU Labour Force Survey,Sex: Total,"Age (Youth, adults): 15-64",2019,5.1341,,,,Repository: Eurostat special tabulation
Dominican Republic,SDG indicator 8.5.2 - Unemployment rate (%),DOM - LFS - Encuesta Nacional Continua de Fuerza de Trabajo,Sex: Total,"Age (Youth, adults): 15-64",2015,7.9468,,,,Repository: ILO-STATISTICS - Micro data processing
Dominican Republic,SDG indicator 8.5.2 - Unemployment rate (%),DOM - LFS - Encuesta Nacional Continua de Fuerza de Trabajo,Sex: Total,"Age (Youth, adults): 15-64",2016,7.6059,,,,Repository: ILO-STATISTICS - Micro data processing
Dominican Republic,SDG indicator 8.5.2 - Unemployment rate (%),DOM - LFS - Encuesta Nacional Continua de Fuerza de Trabajo,Sex: Total,"Age (Youth, adults): 15-64",2017,6.1171,,,,Repository: ILO-STATISTICS - Micro data processing
Dominican Republic,SDG indicator 8.5.2 - Unemployment rate (%),DOM - LFS - Encuesta Nacional Continua de Fuerza de Trabajo,Sex: Total,"Age (Youth, adults): 15-64",2018,6.1567,,,,Repository: ILO-STATISTICS - Micro data processing
Dominican Republic,SDG indicator 8.5.2 - Unemployment rate (%),DOM - LFS - Encuesta Nacional Continua de Fuerza de Trabajo,Sex: Total,"Age (Youth, adults): 15-64",2019,6.7447,,,,Repository: ILO-STATISTICS - Micro data processing
Egypt,SDG indicator 8.5.2 - Unemployment rate (%),EGY - LFS - Labour force sample survey,Sex: Total,"Age (Youth, adults): 15-64",2015,13.2265,,,,Repository: ILO-STATISTICS - Micro data processing
Egypt,SDG indicator 8.5.2 - Unemployment rate (%),EGY - LFS - Labour force sample survey,Sex: Total,"Age (Youth, adults): 15-64",2016,12.6108,,,,Repository: ILO-STATISTICS - Micro data processing
Egypt,SDG indicator 8.5.2 - Unemployment rate (%),EGY - LFS - Labour force sample survey,Sex: Total,"Age (Youth, adults): 15-64",2017,11.9257,,,,Repository: ILO-STATISTICS - Micro data processing
Egypt,SDG indicator 8.5.2 - Unemployment rate (%),EGY - LFS - Labour force sample survey,Sex: Total,"Age (Youth, adults): 15-64",2018,9.9691,,,,Repository: ILO-STATISTICS - Micro data processing
Spain,SDG indicator 8.5.2 - Unemployment rate (%),ESP - LFS - EU Labour Force Survey,Sex: Total,"Age (Youth, adults): 15-64",2015,22.1795,,,,Repository: Eurostat special tabulation
Spain,SDG indicator 8.5.2 - Unemployment rate (%),ESP - LFS - EU Labour Force Survey,Sex: Total,"Age (Youth, adults): 15-64",2016,19.7464,,,,Repository: Eurostat special tabulation
Spain,SDG indicator 8.5.2 - Unemployment rate (%),ESP - LFS - EU Labour Force Survey,Sex: Total,"Age (Youth, adults): 15-64",2017,17.3307,,,,Repository: Eurostat special tabulation
Spain,SDG indicator 8.5.2 - Unemployment rate (%),ESP - LFS - EU Labour Force Survey,Sex: Total,"Age (Youth, adults): 15-64",2018,15.3503,,,,Repository: Eurostat special tabulation
Spain,SDG indicator 8.5.2 - Unemployment rate (%),ESP - LFS - EU Labour Force Survey,Sex: Total,"Age (Youth, adults): 15-64",2019,14.1888,,,,Repository: Eurostat special tabulation
Estonia,SDG indicator 8.5.2 - Unemployment rate (%),EST - LFS - EU Labour Force Survey,Sex: Total,"Age (Youth, adults): 15-64",2015,6.2908,,,,Repository: Eurostat special tabulation
Estonia,SDG indicator 8.5.2 - Unemployment rate (%),EST - LFS - EU Labour Force Survey,Sex: Total,"Age (Youth, adults): 15-64",2016,6.9678,,,,Repository: Eurostat special tabulation
Estonia,SDG indicator 8.5.2 - Unemployment rate (%),EST - LFS - EU Labour Force Survey,Sex: Total,"Age (Youth, adults): 15-64",2017,5.9443,,,,Repository: Eurostat special tabulation
Estonia,SDG indicator 8.5.2 - Unemployment rate (%),EST - LFS - EU Labour Force Survey,Sex: Total,"Age (Youth, adults): 15-64",2018,5.4359,,,,Repository: Eurostat special tabulation
Estonia,SDG indicator 8.5.2 - Unemployment rate (%),EST - LFS - EU Labour Force Survey,Sex: Total,"Age (Youth, adults): 15-64",2019,4.5789,,,,Repository: Eurostat special tabulation
Finland,SDG indicator 8.5.2 - Unemployment rate (%),FIN - LFS - EU Labour Force Survey,Sex: Total,"Age (Youth, adults): 15-64",2015,9.5987,,,,Repository: Eurostat special tabulation
Finland,SDG indicator 8.5.2 - Unemployment rate (%),FIN - LFS - EU Labour Force Survey,Sex: Total,"Age (Youth, adults): 15-64",2016,9.0076,,,,Repository: Eurostat special tabulation
Finland,SDG indicator 8.5.2 - Unemployment rate (%),FIN - LFS - EU Labour Force Survey,Sex: Total,"Age (Youth, adults): 15-64",2017,8.8335,,,,Repository: Eurostat special tabulation
Finland,SDG indicator 8.5.2 - Unemployment rate (%),FIN - LFS - EU Labour Force Survey,Sex: Total,"Age (Youth, adults): 15-64",2018,7.5224,,,,Repository: Eurostat special tabulation
Finland,SDG indicator 8.5.2 - Unemployment rate (%),FIN - LFS - EU Labour Force Survey,Sex: Total,"Age (Youth, adults): 15-64",2019,6.8335,,,,Repository: Eurostat special tabulation
Fiji,SDG indicator 8.5.2 - Unemployment rate (%),"FJI - LFS - Employment, Unemployment Survey",Sex: Total,"Age (Youth, adults): 15-64",2016,4.4694,,,,Repository: ILO-STATISTICS - Micro data processing
France,SDG indicator 8.5.2 - Unemployment rate (%),FRA - LFS - EU Labour Force Survey,Sex: Total,"Age (Youth, adults): 15-64",2015,10.4366,,,,Repository: Eurostat special tabulation
France,SDG indicator 8.5.2 - Unemployment rate (%),FRA - LFS - EU Labour Force Survey,Sex: Total,"Age (Youth, adults): 15-64",2016,10.1292,,,,Repository: Eurostat special tabulation
France,SDG indicator 8.5.2 - Unemployment rate (%),FRA - LFS - EU Labour Force Survey,Sex: Total,"Age (Youth, adults): 15-64",2017,9.4872,,,,Repository: Eurostat special tabulation
France,SDG indicator 8.5.2 - Unemployment rate (%),FRA - LFS - EU Labour Force Survey,Sex: Total,"Age (Youth, adults): 15-64",2018,9.1066,,,,Repository: Eurostat special tabulation
France,SDG indicator 8.5.2 - Unemployment rate (%),FRA - LFS - EU Labour Force Survey,Sex: Total,"Age (Youth, adults): 15-64",2019,8.5308,,,,Repository: Eurostat special tabulation
United Kingdom,SDG indicator 8.5.2 - Unemployment rate (%),GBR - LFS - EU Labour Force Survey,Sex: Total,"Age (Youth, adults): 15-64",2015,5.4372,,,,Repository: Eurostat special tabulation
United Kingdom,SDG indicator 8.5.2 - Unemployment rate (%),GBR - LFS - EU Labour Force Survey,Sex: Total,"Age (Youth, adults): 15-64",2016,4.9368,,,,Repository: Eurostat special tabulation
United Kingdom,SDG indicator 8.5.2 - Unemployment rate (%),GBR - LFS - EU Labour Force Survey,Sex: Total,"Age (Youth, adults): 15-64",2017,4.4372,,,,Repository: Eurostat special tabulation
United Kingdom,SDG indicator 8.5.2 - Unemployment rate (%),GBR - LFS - EU Labour Force Survey,Sex: Total,"Age (Youth, adults): 15-64",2018,4.0994,,,,Repository: Eurostat special tabulation
United Kingdom,SDG indicator 8.5.2 - Unemployment rate (%),GBR - LFS - EU Labour Force Survey,Sex: Total,"Age (Youth, adults): 15-64",2019,3.8272,,,,Repository: Eurostat special tabulation
Georgia,SDG indicator 8.5.2 - Unemployment rate (%),GEO - LFS - Labour force survey,Sex: Total,"Age (Youth, adults): 15-64",2017,15.2965,,,,Repository: ILO-STATISTICS - Micro data processing
Georgia,SDG indicator 8.5.2 - Unemployment rate (%),GEO - LFS - Labour force survey,Sex: Total,"Age (Youth, adults): 15-64",2018,13.9285,,,,Repository: ILO-STATISTICS - Micro data processing
Georgia,SDG indicator 8.5.2 - Unemployment rate (%),GEO - LFS - Labour force survey,Sex: Total,"Age (Youth, adults): 15-64",2019,12.9351,,,,Repository: ILO-STATISTICS - Micro data processing
Georgia,SDG indicator 8.5.2 - Unemployment rate (%),GEO - HS - Integrated Household Survey,Sex: Total,"Age (Youth, adults): 15-64",2015,18.5588,,,,Repository: ILO-STATISTICS - Micro data processing
Georgia,SDG indicator 8.5.2 - Unemployment rate (%),GEO - HS - Integrated Household Survey,Sex: Total,"Age (Youth, adults): 15-64",2016,18.5726,,,,Repository: ILO-STATISTICS - Micro data processing
Ghana,SDG indicator 8.5.2 - Unemployment rate (%),GHA - LFS - Labour force survey,Sex: Total,"Age (Youth, adults): 15-64",2015,7.0068,,,,Repository: ILO-STATISTICS - Micro data processing
Ghana,SDG indicator 8.5.2 - Unemployment rate (%),GHA - HIES - Living Standards Survey,Sex: Total,"Age (Youth, adults): 15-64",2017,4.3881,,,,Repository: ILO-STATISTICS - Micro data processing | Employment definition: Excluding own-use production workers
Gambia,SDG indicator 8.5.2 - Unemployment rate (%),GMB - LFS - Labour force survey,Sex: Total,"Age (Youth, adults): 15-64",2018,10.4099,,,,Repository: ILO-STATISTICS - Micro data processing | Employment definition: Excluding own-use production workers
Greece,SDG indicator 8.5.2 - Unemployment rate (%),GRC - LFS - EU Labour Force Survey,Sex: Total,"Age (Youth, adults): 15-64",2015,25.1156,,,,Repository: Eurostat special tabulation
Greece,SDG indicator 8.5.2 - Unemployment rate (%),GRC - LFS - EU Labour Force Survey,Sex: Total,"Age (Youth, adults): 15-64",2016,23.7042,,,,Repository: Eurostat special tabulation
Greece,SDG indicator 8.5.2 - Unemployment rate (%),GRC - LFS - EU Labour Force Survey,Sex: Total,"Age (Youth, adults): 15-64",2017,21.6532,,,,Repository: Eurostat special tabulation
Greece,SDG indicator 8.5.2 - Unemployment rate (%),GRC - LFS - EU Labour Force Survey,Sex: Total,"Age (Youth, adults): 15-64",2018,19.4527,,,,Repository: Eurostat special tabulation
Greece,SDG indicator 8.5.2 - Unemployment rate (%),GRC - LFS - EU Labour Force Survey,Sex: Total,"Age (Youth, adults): 15-64",2019,17.469,,,,Repository: Eurostat special tabulation
Guatemala,SDG indicator 8.5.2 - Unemployment rate (%),GTM - LFS - Encuesta Nacional de Empleo e Ingresos,Sex: Total,"Age (Youth, adults): 15-64",2015,2.6316,,,,Repository: ILO-STATISTICS - Micro data processing
Guatemala,SDG indicator 8.5.2 - Unemployment rate (%),GTM - LFS - Encuesta Nacional de Empleo e Ingresos,Sex: Total,"Age (Youth, adults): 15-64",2016,2.7129,,,,Repository: ILO-STATISTICS - Micro data processing
Guatemala,SDG indicator 8.5.2 - Unemployment rate (%),GTM - LFS - Encuesta Nacional de Empleo e Ingresos,Sex: Total,"Age (Youth, adults): 15-64",2017,2.5858,,,,Repository: ILO-STATISTICS - Micro data processing
Guyana,SDG indicator 8.5.2 - Unemployment rate (%),GUY - LFS - Labour force survey,Sex: Total,"Age (Youth, adults): 15-64",2018,14.3384,,,,Repository: ILO-STATISTICS - Micro data processing | Data reference period: Third quarter
Honduras,SDG indicator 8.5.2 - Unemployment rate (%),HND - HS - Encuesta Permanente de Hogares de Propósitos Múltiples,Sex: Total,"Age (Youth, adults): 15-64",2017,5.8636,,,,Repository: ILO-STATISTICS - Micro data processing | Data reference period: Second quarter
Honduras,SDG indicator 8.5.2 - Unemployment rate (%),HND - HS - Encuesta Permanente de Hogares de Propósitos Múltiples,Sex: Total,"Age (Youth, adults): 15-64",2018,5.9439,,,,Repository: ILO-STATISTICS - Micro data processing | Data reference period: Second quarter
Honduras,SDG indicator 8.5.2 - Unemployment rate (%),HND - HS - Encuesta Permanente de Hogares de Propósitos Múltiples,Sex: Total,"Age (Youth, adults): 15-64",2019,6.0426,,,,Repository: ILO-STATISTICS - Micro data processing | Data reference period: Second quarter
Croatia,SDG indicator 8.5.2 - Unemployment rate (%),HRV - LFS - EU Labour Force Survey,Sex: Total,"Age (Youth, adults): 15-64",2015,16.392,,,,Repository: Eurostat special tabulation
Croatia,SDG indicator 8.5.2 - Unemployment rate (%),HRV - LFS - EU Labour Force Survey,Sex: Total,"Age (Youth, adults): 15-64",2016,13.2681,,,,Repository: Eurostat special tabulation
Croatia,SDG indicator 8.5.2 - Unemployment rate (%),HRV - LFS - EU Labour Force Survey,Sex: Total,"Age (Youth, adults): 15-64",2017,11.3036,,,,Repository: Eurostat special tabulation
Croatia,SDG indicator 8.5.2 - Unemployment rate (%),HRV - LFS - EU Labour Force Survey,Sex: Total,"Age (Youth, adults): 15-64",2018,8.5474,,,,Repository: Eurostat special tabulation
Croatia,SDG indicator 8.5.2 - Unemployment rate (%),HRV - LFS - EU Labour Force Survey,Sex: Total,"Age (Youth, adults): 15-64",2019,6.7154,,,,Repository: Eurostat special tabulation
Hungary,SDG indicator 8.5.2 - Unemployment rate (%),HUN - LFS - EU Labour Force Survey,Sex: Total,"Age (Youth, adults): 15-64",2015,6.8478,,,,Repository: Eurostat special tabulation
Hungary,SDG indicator 8.5.2 - Unemployment rate (%),HUN - LFS - EU Labour Force Survey,Sex: Total,"Age (Youth, adults): 15-64",2016,5.1475,,,,Repository: Eurostat special tabulation
Hungary,SDG indicator 8.5.2 - Unemployment rate (%),HUN - LFS - EU Labour Force Survey,Sex: Total,"Age (Youth, adults): 15-64",2017,4.1949,,,,Repository: Eurostat special tabulation
Hungary,SDG indicator 8.5.2 - Unemployment rate (%),HUN - LFS - EU Labour Force Survey,Sex: Total,"Age (Youth, adults): 15-64",2018,3.7482,,,,Repository: Eurostat special tabulation
Hungary,SDG indicator 8.5.2 - Unemployment rate (%),HUN - LFS - EU Labour Force Survey,Sex: Total,"Age (Youth, adults): 15-64",2019,3.4536,,,,Repository: Eurostat special tabulation
Indonesia,SDG indicator 8.5.2 - Unemployment rate (%),IDN - LFS - National Labour Force Survey,Sex: Total,"Age (Youth, adults): 15-64",2015,4.7196,,,,Repository: ILO-STATISTICS - Micro data processing
Indonesia,SDG indicator 8.5.2 - Unemployment rate (%),IDN - LFS - National Labour Force Survey,Sex: Total,"Age (Youth, adults): 15-64",2016,4.496,,,,Repository: ILO-STATISTICS - Micro data processing
Indonesia,SDG indicator 8.5.2 - Unemployment rate (%),IDN - LFS - National Labour Force Survey,Sex: Total,"Age (Youth, adults): 15-64",2017,4.0676,,,,Repository: ILO-STATISTICS - Micro data processing
Indonesia,SDG indicator 8.5.2 - Unemployment rate (%),IDN - LFS - National Labour Force Survey,Sex: Total,"Age (Youth, adults): 15-64",2018,4.6184,,,,Repository: ILO-STATISTICS - Micro data processing
Indonesia,SDG indicator 8.5.2 - Unemployment rate (%),IDN - LFS - National Labour Force Survey,Sex: Total,"Age (Youth, adults): 15-64",2019,3.8117,,,,Repository: ILO-STATISTICS - Micro data processing
India,SDG indicator 8.5.2 - Unemployment rate (%),IND - LFS - PLFS,Sex: Total,"Age (Youth, adults): 15-64",2018,5.5147,,,,Repository: ILO-STATISTICS - Micro data processing | Data reference period: Noncalendar year
Ireland,SDG indicator 8.5.2 - Unemployment rate (%),IRL - LFS - EU Labour Force Survey,Sex: Total,"Age (Youth, adults): 15-64",2015,10.1369,,,,Repository: Eurostat special tabulation
Ireland,SDG indicator 8.5.2 - Unemployment rate (%),IRL - LFS - EU Labour Force Survey,Sex: Total,"Age (Youth, adults): 15-64",2016,8.5677,,,,Repository: Eurostat special tabulation
Ireland,SDG indicator 8.5.2 - Unemployment rate (%),IRL - LFS - EU Labour Force Survey,Sex: Total,"Age (Youth, adults): 15-64",2017,6.8699,Break in series,,Break in series: Methodology revised,Repository: Eurostat special tabulation
Ireland,SDG indicator 8.5.2 - Unemployment rate (%),IRL - LFS - EU Labour Force Survey,Sex: Total,"Age (Youth, adults): 15-64",2018,5.8878,,,,Repository: Eurostat special tabulation
Ireland,SDG indicator 8.5.2 - Unemployment rate (%),IRL - LFS - EU Labour Force Survey,Sex: Total,"Age (Youth, adults): 15-64",2019,5.0821,,,,Repository: Eurostat special tabulation
"Iran, Islamic Republic of",SDG indicator 8.5.2 - Unemployment rate (%),IRN - LFS - Labour Force Survey,Sex: Total,"Age (Youth, adults): 15-64",2015,11.28,,,,Population coverage: Excluding institutional population | Age coverage - minimum age: 10 years old
"Iran, Islamic Republic of",SDG indicator 8.5.2 - Unemployment rate (%),IRN - LFS - Labour Force Survey,Sex: Total,"Age (Youth, adults): 15-64",2016,12.67,,,,Population coverage: Excluding institutional population | Age coverage - minimum age: 10 years old
"Iran, Islamic Republic of",SDG indicator 8.5.2 - Unemployment rate (%),IRN - LFS - Labour Force Survey,Sex: Total,"Age (Youth, adults): 15-64",2017,12.34,,,,Employment definition: Including subsistence workers | Population coverage: Excluding institutional population | Age coverage - minimum age: 10 years old
"Iran, Islamic Republic of",SDG indicator 8.5.2 - Unemployment rate (%),IRN - LFS - Labour Force Survey,Sex: Total,"Age (Youth, adults): 15-64",2018,12.31,,,,Employment definition: Including subsistence workers | Population coverage: Excluding institutional population | Age coverage - minimum age: 10 years old
Iraq,SDG indicator 8.5.2 - Unemployment rate (%),IRQ - HIES - Household Socio-Economic Survey,Sex: Total,"Age (Youth, adults): 15-64",2016,10.86,,,,
Iraq,SDG indicator 8.5.2 - Unemployment rate (%),IRQ - HIES - Household Socio-Economic Survey,Sex: Total,"Age (Youth, adults): 15-64",2017,13.05,,,,
Iceland,SDG indicator 8.5.2 - Unemployment rate (%),ISL - LFS - EU Labour Force Survey,Sex: Total,"Age (Youth, adults): 15-64",2015,4.1591,,,,Repository: Eurostat special tabulation
Iceland,SDG indicator 8.5.2 - Unemployment rate (%),ISL - LFS - EU Labour Force Survey,Sex: Total,"Age (Youth, adults): 15-64",2016,3.1203,,,,Repository: Eurostat special tabulation
Iceland,SDG indicator 8.5.2 - Unemployment rate (%),ISL - LFS - EU Labour Force Survey,Sex: Total,"Age (Youth, adults): 15-64",2017,2.8842,,,,Repository: Eurostat special tabulation
Iceland,SDG indicator 8.5.2 - Unemployment rate (%),ISL - LFS - EU Labour Force Survey,Sex: Total,"Age (Youth, adults): 15-64",2018,2.7626,,,,Repository: Eurostat special tabulation
Iceland,SDG indicator 8.5.2 - Unemployment rate (%),ISL - LFS - EU Labour Force Survey,Sex: Total,"Age (Youth, adults): 15-64",2019,3.6336,,,,Repository: Eurostat special tabulation
Israel,SDG indicator 8.5.2 - Unemployment rate (%),ISR - LFS - Labour Force Survey,Sex: Total,"Age (Youth, adults): 15-64",2015,5.343,,,,Repository: OECD
Israel,SDG indicator 8.5.2 - Unemployment rate (%),ISR - LFS - Labour Force Survey,Sex: Total,"Age (Youth, adults): 15-64",2016,4.891,,,,Repository: OECD
Israel,SDG indicator 8.5.2 - Unemployment rate (%),ISR - LFS - Labour Force Survey,Sex: Total,"Age (Youth, adults): 15-64",2017,4.289,,,,Repository: OECD
Israel,SDG indicator 8.5.2 - Unemployment rate (%),ISR - LFS - Labour Force Survey,Sex: Total,"Age (Youth, adults): 15-64",2018,4.091,,,,Repository: OECD
Israel,SDG indicator 8.5.2 - Unemployment rate (%),ISR - LFS - Labour Force Survey,Sex: Total,"Age (Youth, adults): 15-64",2019,3.899,,,,Repository: OECD
Japan,SDG indicator 8.5.2 - Unemployment rate (%),JPN - LFS - Labour force survey,Sex: Total,"Age (Youth, adults): 15-64",2015,3.5,,,,
Japan,SDG indicator 8.5.2 - Unemployment rate (%),JPN - LFS - Labour force survey,Sex: Total,"Age (Youth, adults): 15-64",2016,3.3,,,,
Japan,SDG indicator 8.5.2 - Unemployment rate (%),JPN - LFS - Labour force survey,Sex: Total,"Age (Youth, adults): 15-64",2017,3,,,,
Japan,SDG indicator 8.5.2 - Unemployment rate (%),JPN - LFS - Labour force survey,Sex: Total,"Age (Youth, adults): 15-64",2018,2.6,,,,
Japan,SDG indicator 8.5.2 - Unemployment rate (%),JPN - LFS - Labour force survey,Sex: Total,"Age (Youth, adults): 15-64",2019,2.5,,,,
Kazakhstan,SDG indicator 8.5.2 - Unemployment rate (%),KAZ - LFS - Sample Survey of Employment,Sex: Total,"Age (Youth, adults): 15-64",2017,4.93,,,,Employment definition: Excluding own-use production workers | Population coverage: Excluding both institutional population and armed forces and/or conscripts
Kenya,SDG indicator 8.5.2 - Unemployment rate (%),KEN - HIES - Household budget survey,Sex: Total,"Age (Youth, adults): 15-64",2016,2.9259,,,,Repository: ILO-STATISTICS - Micro data processing
Kyrgyzstan,SDG indicator 8.5.2 - Unemployment rate (%),KGZ - LFS - Employment and Unemployment Survey,Sex: Total,"Age (Youth, adults): 15-64",2015,7.61,,,,
Kyrgyzstan,SDG indicator 8.5.2 - Unemployment rate (%),KGZ - LFS - Employment and Unemployment Survey,Sex: Total,"Age (Youth, adults): 15-64",2016,7.29,,,,
Kyrgyzstan,SDG indicator 8.5.2 - Unemployment rate (%),KGZ - LFS - Employment and Unemployment Survey,Sex: Total,"Age (Youth, adults): 15-64",2017,6.97,,,,Employment definition: Excluding own-use production workers
Kyrgyzstan,SDG indicator 8.5.2 - Unemployment rate (%),KGZ - LFS - Employment and Unemployment Survey,Sex: Total,"Age (Youth, adults): 15-64",2018,4.5927,,,,Repository: ILO-STATISTICS - Micro data processing
Cambodia,SDG indicator 8.5.2 - Unemployment rate (%),KHM - HIES - Household Socio-Economic Survey,Sex: Total,"Age (Youth, adults): 15-64",2015,0.3885,,,,Repository: ILO-STATISTICS - Micro data processing
Cambodia,SDG indicator 8.5.2 - Unemployment rate (%),KHM - HIES - Household Socio-Economic Survey,Sex: Total,"Age (Youth, adults): 15-64",2016,0.6945,,,,Repository: ILO-STATISTICS - Micro data processing
Kiribati,SDG indicator 8.5.2 - Unemployment rate (%),KIR - PC - Population Census,Sex: Total,"Age (Youth, adults): 15-64",2015,9.5474,,,,Repository: ILO-STATISTICS - Micro data processing | Employment definition: Excluding own-use production workers
"Korea, Republic of",SDG indicator 8.5.2 - Unemployment rate (%),KOR - LFS - Economically Active Population Survey,Sex: Total,"Age (Youth, adults): 15-64",2015,3.6598,,,,Repository: ILO-STATISTICS - Micro data processing
"Korea, Republic of",SDG indicator 8.5.2 - Unemployment rate (%),KOR - LFS - Economically Active Population Survey,Sex: Total,"Age (Youth, adults): 15-64",2016,3.7766,,,,Repository: ILO-STATISTICS - Micro data processing
"Korea, Republic of",SDG indicator 8.5.2 - Unemployment rate (%),KOR - LFS - Economically Active Population Survey,Sex: Total,"Age (Youth, adults): 15-64",2017,3.7447,,,,Repository: ILO-STATISTICS - Micro data processing
"Korea, Republic of",SDG indicator 8.5.2 - Unemployment rate (%),KOR - LFS - Economically Active Population Survey,Sex: Total,"Age (Youth, adults): 15-64",2018,3.9184,,,,Repository: ILO-STATISTICS - Micro data processing
"Korea, Republic of",SDG indicator 8.5.2 - Unemployment rate (%),KOR - LFS - Economically Active Population Survey,Sex: Total,"Age (Youth, adults): 15-64",2019,3.7967,,,,Repository: ILO-STATISTICS - Micro data processing
Kosovo,SDG indicator 8.5.2 - Unemployment rate (%),KOS - LFS - Labour force survey,Sex: Total,"Age (Youth, adults): 15-64",2015,32.93,,,,
Kosovo,SDG indicator 8.5.2 - Unemployment rate (%),KOS - LFS - Labour force survey,Sex: Total,"Age (Youth, adults): 15-64",2016,27.54,,,,
Kosovo,SDG indicator 8.5.2 - Unemployment rate (%),KOS - LFS - Labour force survey,Sex: Total,"Age (Youth, adults): 15-64",2017,30.48,,,,
Kosovo,SDG indicator 8.5.2 - Unemployment rate (%),KOS - LFS - Labour force survey,Sex: Total,"Age (Youth, adults): 15-64",2018,29.58,,,,Employment definition: Excluding own-use production workers
Kosovo,SDG indicator 8.5.2 - Unemployment rate (%),KOS - LFS - Labour force survey,Sex: Total,"Age (Youth, adults): 15-64",2019,25.6966,,,,Repository: ILO-STATISTICS - Micro data processing
Kuwait,SDG indicator 8.5.2 - Unemployment rate (%),KWT - LFS - Labour Force Sample Survey,Sex: Total,"Age (Youth, adults): 15-64",2016,2.19,,,,Employment definition: Excluding own-use production workers | Data reference period: Fourth quarter | Population coverage: Excluding armed forces and/or conscripts
Lao People's Democratic Republic,SDG indicator 8.5.2 - Unemployment rate (%),LAO - LFS - Labour Force Survey,Sex: Total,"Age (Youth, adults): 15-64",2017,9.5466,,,,Repository: ILO-STATISTICS - Micro data processing | Employment definition: Excluding own-use production workers
Liberia,SDG indicator 8.5.2 - Unemployment rate (%),LBR - HIES - Household Income and Expenditure Survey,Sex: Total,"Age (Youth, adults): 15-64",2015,2.1419,Break in series,,Break in series: Methodology revised,Repository: ILO-STATISTICS - Micro data processing | Age coverage - minimum age: Nonstandard minimum age
Liberia,SDG indicator 8.5.2 - Unemployment rate (%),LBR - HIES - Household Income and Expenditure Survey,Sex: Total,"Age (Youth, adults): 15-64",2016,3.1438,,,,Repository: ILO-STATISTICS - Micro data processing | Age coverage - minimum age: Nonstandard minimum age
Saint Lucia,SDG indicator 8.5.2 - Unemployment rate (%),LCA - LFS - Labour force survey,Sex: Total,"Age (Youth, adults): 15-64",2017,19.7806,,,,Repository: ILO-STATISTICS - Micro data processing | Age coverage - minimum age: Nonstandard minimum age
Saint Lucia,SDG indicator 8.5.2 - Unemployment rate (%),LCA - LFS - Labour force survey,Sex: Total,"Age (Youth, adults): 15-64",2018,20.0143,,,,Repository: ILO-STATISTICS - Micro data processing | Age coverage - minimum age: Nonstandard minimum age
Saint Lucia,SDG indicator 8.5.2 - Unemployment rate (%),LCA - LFS - Labour force survey,Sex: Total,"Age (Youth, adults): 15-64",2019,16.324,,,,Repository: ILO-STATISTICS - Micro data processing | Age coverage - minimum age: Nonstandard minimum age
Sri Lanka,SDG indicator 8.5.2 - Unemployment rate (%),LKA - LFS - Sri Lanka Labour Force Survey,Sex: Total,"Age (Youth, adults): 15-64",2015,4.7689,,,,Repository: ILO-STATISTICS - Micro data processing
Sri Lanka,SDG indicator 8.5.2 - Unemployment rate (%),LKA - LFS - Sri Lanka Labour Force Survey,Sex: Total,"Age (Youth, adults): 15-64",2016,4.4989,,,,Repository: ILO-STATISTICS - Micro data processing
Sri Lanka,SDG indicator 8.5.2 - Unemployment rate (%),LKA - LFS - Sri Lanka Labour Force Survey,Sex: Total,"Age (Youth, adults): 15-64",2017,4.2853,,,,Repository: ILO-STATISTICS - Micro data processing
Sri Lanka,SDG indicator 8.5.2 - Unemployment rate (%),LKA - LFS - Sri Lanka Labour Force Survey,Sex: Total,"Age (Youth, adults): 15-64",2018,4.5742,,,,Repository: ILO-STATISTICS - Micro data processing
Lithuania,SDG indicator 8.5.2 - Unemployment rate (%),LTU - LFS - EU Labour Force Survey,Sex: Total,"Age (Youth, adults): 15-64",2015,9.3162,,,,Repository: Eurostat special tabulation
Lithuania,SDG indicator 8.5.2 - Unemployment rate (%),LTU - LFS - EU Labour Force Survey,Sex: Total,"Age (Youth, adults): 15-64",2016,8.0622,,,,Repository: Eurostat special tabulation
Lithuania,SDG indicator 8.5.2 - Unemployment rate (%),LTU - LFS - EU Labour Force Survey,Sex: Total,"Age (Youth, adults): 15-64",2017,7.2996,,,,Repository: Eurostat special tabulation
Lithuania,SDG indicator 8.5.2 - Unemployment rate (%),LTU - LFS - EU Labour Force Survey,Sex: Total,"Age (Youth, adults): 15-64",2018,6.3348,,,,Repository: Eurostat special tabulation
Lithuania,SDG indicator 8.5.2 - Unemployment rate (%),LTU - LFS - EU Labour Force Survey,Sex: Total,"Age (Youth, adults): 15-64",2019,6.4748,,,,Repository: Eurostat special tabulation
Luxembourg,SDG indicator 8.5.2 - Unemployment rate (%),LUX - LFS - EU Labour Force Survey,Sex: Total,"Age (Youth, adults): 15-64",2015,6.7057,Break in series,,Break in series: Methodology revised,Repository: Eurostat special tabulation
Luxembourg,SDG indicator 8.5.2 - Unemployment rate (%),LUX - LFS - EU Labour Force Survey,Sex: Total,"Age (Youth, adults): 15-64",2016,6.3068,,,,Repository: Eurostat special tabulation
Luxembourg,SDG indicator 8.5.2 - Unemployment rate (%),LUX - LFS - EU Labour Force Survey,Sex: Total,"Age (Youth, adults): 15-64",2017,5.5186,,,,Repository: Eurostat special tabulation
Luxembourg,SDG indicator 8.5.2 - Unemployment rate (%),LUX - LFS - EU Labour Force Survey,Sex: Total,"Age (Youth, adults): 15-64",2018,5.6106,,,,Repository: Eurostat special tabulation
Luxembourg,SDG indicator 8.5.2 - Unemployment rate (%),LUX - LFS - EU Labour Force Survey,Sex: Total,"Age (Youth, adults): 15-64",2019,5.6197,,,,Repository: Eurostat special tabulation
Latvia,SDG indicator 8.5.2 - Unemployment rate (%),LVA - LFS - EU Labour Force Survey,Sex: Total,"Age (Youth, adults): 15-64",2015,10.0768,,,,Repository: Eurostat special tabulation
Latvia,SDG indicator 8.5.2 - Unemployment rate (%),LVA - LFS - EU Labour Force Survey,Sex: Total,"Age (Youth, adults): 15-64",2016,9.9006,,,,Repository: Eurostat special tabulation
Latvia,SDG indicator 8.5.2 - Unemployment rate (%),LVA - LFS - EU Labour Force Survey,Sex: Total,"Age (Youth, adults): 15-64",2017,8.9114,,,,Repository: Eurostat special tabulation
Latvia,SDG indicator 8.5.2 - Unemployment rate (%),LVA - LFS - EU Labour Force Survey,Sex: Total,"Age (Youth, adults): 15-64",2018,7.5932,,,,Repository: Eurostat special tabulation
Latvia,SDG indicator 8.5.2 - Unemployment rate (%),LVA - LFS - EU Labour Force Survey,Sex: Total,"Age (Youth, adults): 15-64",2019,6.5025,,,,Repository: Eurostat special tabulation
"Moldova, Republic of",SDG indicator 8.5.2 - Unemployment rate (%),MDA - LFS - Labour force survey,Sex: Total,"Age (Youth, adults): 15-64",2015,3.8081,,,,Repository: ILO-STATISTICS - Micro data processing
"Moldova, Republic of",SDG indicator 8.5.2 - Unemployment rate (%),MDA - LFS - Labour force survey,Sex: Total,"Age (Youth, adults): 15-64",2016,4.3302,,,,Repository: ILO-STATISTICS - Micro data processing
"Moldova, Republic of",SDG indicator 8.5.2 - Unemployment rate (%),MDA - LFS - Labour force survey,Sex: Total,"Age (Youth, adults): 15-64",2017,4.2472,,,,Repository: ILO-STATISTICS - Micro data processing
"Moldova, Republic of",SDG indicator 8.5.2 - Unemployment rate (%),MDA - LFS - Labour force survey,Sex: Total,"Age (Youth, adults): 15-64",2018,4.1985,,,,Repository: ILO-STATISTICS - Micro data processing
"Moldova, Republic of",SDG indicator 8.5.2 - Unemployment rate (%),MDA - LFS - Labour force survey,Sex: Total,"Age (Youth, adults): 15-64",2019,5.2547,,,,Repository: ILO-STATISTICS - Micro data processing
Madagascar,SDG indicator 8.5.2 - Unemployment rate (%),MDG - LFS - Enquête Nationale sur l'Emploi et le Secteur Informel,Sex: Total,"Age (Youth, adults): 15-64",2015,1.857,,,,Repository: ILO-STATISTICS - Micro data processing
Maldives,SDG indicator 8.5.2 - Unemployment rate (%),MDV - HIES - Household Income and Expenditure Survey,Sex: Total,"Age (Youth, adults): 15-64",2016,6.1948,,,,Repository: ILO-STATISTICS - Micro data processing | Employment definition: Excluding own-use production workers
Mexico,SDG indicator 8.5.2 - Unemployment rate (%),MEX - LFS - Encuesta Nacional de Ocupación y Empleo,Sex: Total,"Age (Youth, adults): 15-64",2015,4.4781,,,,Repository: ILO-STATISTICS - Micro data processing
Mexico,SDG indicator 8.5.2 - Unemployment rate (%),MEX - LFS - Encuesta Nacional de Ocupación y Empleo,Sex: Total,"Age (Youth, adults): 15-64",2016,4.0087,,,,Repository: ILO-STATISTICS - Micro data processing
Mexico,SDG indicator 8.5.2 - Unemployment rate (%),MEX - LFS - Encuesta Nacional de Ocupación y Empleo,Sex: Total,"Age (Youth, adults): 15-64",2017,3.5493,,,,Repository: ILO-STATISTICS - Micro data processing
Mexico,SDG indicator 8.5.2 - Unemployment rate (%),MEX - LFS - Encuesta Nacional de Ocupación y Empleo,Sex: Total,"Age (Youth, adults): 15-64",2018,3.4141,,,,Repository: ILO-STATISTICS - Micro data processing
Mexico,SDG indicator 8.5.2 - Unemployment rate (%),MEX - LFS - Encuesta Nacional de Ocupación y Empleo,Sex: Total,"Age (Youth, adults): 15-64",2019,3.6283,,,,Repository: ILO-STATISTICS - Micro data processing
North Macedonia,SDG indicator 8.5.2 - Unemployment rate (%),MKD - LFS - EU Labour Force Survey,Sex: Total,"Age (Youth, adults): 15-64",2015,26.3111,,,,Repository: Eurostat special tabulation
North Macedonia,SDG indicator 8.5.2 - Unemployment rate (%),MKD - LFS - EU Labour Force Survey,Sex: Total,"Age (Youth, adults): 15-64",2016,23.9572,,,,Repository: Eurostat special tabulation
North Macedonia,SDG indicator 8.5.2 - Unemployment rate (%),MKD - LFS - EU Labour Force Survey,Sex: Total,"Age (Youth, adults): 15-64",2017,22.5455,,,,Repository: Eurostat special tabulation
North Macedonia,SDG indicator 8.5.2 - Unemployment rate (%),MKD - LFS - EU Labour Force Survey,Sex: Total,"Age (Youth, adults): 15-64",2018,20.9631,,,,Repository: Eurostat special tabulation
North Macedonia,SDG indicator 8.5.2 - Unemployment rate (%),MKD - LFS - EU Labour Force Survey,Sex: Total,"Age (Youth, adults): 15-64",2019,17.4254,,,,Repository: Eurostat special tabulation
Mali,SDG indicator 8.5.2 - Unemployment rate (%),MLI - LFS - Enquête Emploi Permanente Auprès des Ménages (EPAM),Sex: Total,"Age (Youth, adults): 15-64",2015,7.9846,,,,Repository: ILO-STATISTICS - Micro data processing
Mali,SDG indicator 8.5.2 - Unemployment rate (%),MLI - LFS - Enquête Emploi Permanente Auprès des Ménages (EPAM),Sex: Total,"Age (Youth, adults): 15-64",2016,1.4173,,,,Repository: ILO-STATISTICS - Micro data processing
Mali,SDG indicator 8.5.2 - Unemployment rate (%),MLI - LFS - Enquête Emploi Permanente Auprès des Ménages (EPAM),Sex: Total,"Age (Youth, adults): 15-64",2017,7.6531,,,,Repository: ILO-STATISTICS - Micro data processing
Mali,SDG indicator 8.5.2 - Unemployment rate (%),MLI - LFS - Enquête Emploi Permanente Auprès des Ménages (EPAM),Sex: Total,"Age (Youth, adults): 15-64",2018,1.6781,,,,Repository: ILO-STATISTICS - Micro data processing
Malta,SDG indicator 8.5.2 - Unemployment rate (%),MLT - LFS - EU Labour Force Survey,Sex: Total,"Age (Youth, adults): 15-64",2015,5.4332,,,,Repository: Eurostat special tabulation
Malta,SDG indicator 8.5.2 - Unemployment rate (%),MLT - LFS - EU Labour Force Survey,Sex: Total,"Age (Youth, adults): 15-64",2016,4.7171,,,,Repository: Eurostat special tabulation
Malta,SDG indicator 8.5.2 - Unemployment rate (%),MLT - LFS - EU Labour Force Survey,Sex: Total,"Age (Youth, adults): 15-64",2017,4.0631,,,,Repository: Eurostat special tabulation
Malta,SDG indicator 8.5.2 - Unemployment rate (%),MLT - LFS - EU Labour Force Survey,Sex: Total,"Age (Youth, adults): 15-64",2018,3.7204,,,,Repository: Eurostat special tabulation
Malta,SDG indicator 8.5.2 - Unemployment rate (%),MLT - LFS - EU Labour Force Survey,Sex: Total,"Age (Youth, adults): 15-64",2019,3.4648,,,,Repository: Eurostat special tabulation
Myanmar,SDG indicator 8.5.2 - Unemployment rate (%),MMR - LFS - Labour force survey,Sex: Total,"Age (Youth, adults): 15-64",2015,0.779,Break in series,,Break in series: Methodology revised,Repository: ILO-STATISTICS - Micro data processing
Myanmar,SDG indicator 8.5.2 - Unemployment rate (%),MMR - LFS - Labour force survey,Sex: Total,"Age (Youth, adults): 15-64",2017,1.5795,,,,Repository: ILO-STATISTICS - Micro data processing | Employment definition: Excluding own-use production workers
Myanmar,SDG indicator 8.5.2 - Unemployment rate (%),MMR - LFS - Labour force survey,Sex: Total,"Age (Youth, adults): 15-64",2018,0.8835,,,,Repository: ILO-STATISTICS - Micro data processing | Employment definition: Excluding own-use production workers
Myanmar,SDG indicator 8.5.2 - Unemployment rate (%),MMR - LFS - Labour force survey,Sex: Total,"Age (Youth, adults): 15-64",2019,0.5102,,,,Repository: ILO-STATISTICS - Micro data processing | Employment definition: Excluding own-use production workers
Montenegro,SDG indicator 8.5.2 - Unemployment rate (%),MNE - LFS - EU Labour Force Survey,Sex: Total,"Age (Youth, adults): 15-64",2015,17.8172,,,,Repository: Eurostat special tabulation
Montenegro,SDG indicator 8.5.2 - Unemployment rate (%),MNE - LFS - EU Labour Force Survey,Sex: Total,"Age (Youth, adults): 15-64",2016,17.9909,,,,Repository: Eurostat special tabulation
Montenegro,SDG indicator 8.5.2 - Unemployment rate (%),MNE - LFS - EU Labour Force Survey,Sex: Total,"Age (Youth, adults): 15-64",2017,16.3612,,,,Repository: Eurostat special tabulation
Montenegro,SDG indicator 8.5.2 - Unemployment rate (%),MNE - LFS - EU Labour Force Survey,Sex: Total,"Age (Youth, adults): 15-64",2018,15.4802,,,,Repository: Eurostat special tabulation
Montenegro,SDG indicator 8.5.2 - Unemployment rate (%),MNE - LFS - EU Labour Force Survey,Sex: Total,"Age (Youth, adults): 15-64",2019,15.3949,,,,Repository: Eurostat special tabulation
Mongolia,SDG indicator 8.5.2 - Unemployment rate (%),MNG - LFS - Labour force survey,Sex: Total,"Age (Youth, adults): 15-64",2015,4.9039,,,,Repository: ILO-STATISTICS - Micro data processing
Mongolia,SDG indicator 8.5.2 - Unemployment rate (%),MNG - LFS - Labour force survey,Sex: Total,"Age (Youth, adults): 15-64",2016,7.3115,,,,Repository: ILO-STATISTICS - Micro data processing
Mongolia,SDG indicator 8.5.2 - Unemployment rate (%),MNG - LFS - Labour force survey,Sex: Total,"Age (Youth, adults): 15-64",2017,6.433,,,,Repository: ILO-STATISTICS - Micro data processing
Mongolia,SDG indicator 8.5.2 - Unemployment rate (%),MNG - LFS - Labour force survey,Sex: Total,"Age (Youth, adults): 15-64",2018,5.439,,,,Repository: ILO-STATISTICS - Micro data processing
Mongolia,SDG indicator 8.5.2 - Unemployment rate (%),MNG - LFS - Labour force survey,Sex: Total,"Age (Youth, adults): 15-64",2019,10.179,,,,Repository: ILO-STATISTICS - Micro data processing | Employment definition: Excluding own-use production workers
Mozambique,SDG indicator 8.5.2 - Unemployment rate (%),MOZ - HIES - Inquérito aos orçamentos familiares,Sex: Total,"Age (Youth, adults): 15-64",2015,3.6176,,,,Repository: ILO-STATISTICS - Micro data processing
Mauritania,SDG indicator 8.5.2 - Unemployment rate (%),MRT - LFS - Enquête nationale de référence sur l¿emploi et le secteur informel,Sex: Total,"Age (Youth, adults): 15-64",2017,10.652,,,,Repository: ILO-STATISTICS - Micro data processing | Age coverage - minimum age: 10 years old | Age coverage - maximum age: 75 years old
Mauritius,SDG indicator 8.5.2 - Unemployment rate (%),MUS - LFS - Continuous Multi-Purpose Household Survey,Sex: Total,"Age (Youth, adults): 15-64",2015,7.5418,,,,Repository: ILO-STATISTICS - Micro data processing | Age coverage - minimum age: 16 years old
Mauritius,SDG indicator 8.5.2 - Unemployment rate (%),MUS - LFS - Continuous Multi-Purpose Household Survey,Sex: Total,"Age (Youth, adults): 15-64",2016,6.9512,,,,Repository: ILO-STATISTICS - Micro data processing | Age coverage - minimum age: 16 years old
Mauritius,SDG indicator 8.5.2 - Unemployment rate (%),MUS - LFS - Continuous Multi-Purpose Household Survey,Sex: Total,"Age (Youth, adults): 15-64",2017,6.9142,,,,Repository: ILO-STATISTICS - Micro data processing | Age coverage - minimum age: 16 years old
Mauritius,SDG indicator 8.5.2 - Unemployment rate (%),MUS - LFS - Continuous Multi-Purpose Household Survey,Sex: Total,"Age (Youth, adults): 15-64",2018,6.548,,,,Repository: ILO-STATISTICS - Micro data processing | Age coverage - minimum age: 16 years old
Malawi,SDG indicator 8.5.2 - Unemployment rate (%),MWI - HIES - Integrated Household Survey,Sex: Total,"Age (Youth, adults): 15-64",2017,28.5888,,,,Repository: ILO-STATISTICS - Micro data processing | Data reference period: Noncalendar year
Malaysia,SDG indicator 8.5.2 - Unemployment rate (%),MYS - LFS - Labour Force Survey,Sex: Total,"Age (Youth, adults): 15-64",2015,3.1,,,,Age coverage - maximum age: 64 years old
Malaysia,SDG indicator 8.5.2 - Unemployment rate (%),MYS - LFS - Labour Force Survey,Sex: Total,"Age (Youth, adults): 15-64",2016,3.44,,,,Population coverage: Excluding institutional population | Age coverage - maximum age: 64 years old
Malaysia,SDG indicator 8.5.2 - Unemployment rate (%),MYS - LFS - Labour Force Survey,Sex: Total,"Age (Youth, adults): 15-64",2018,3.3,,,,Employment definition: Excluding own-use production workers | Age coverage - maximum age: 64 years old
Namibia,SDG indicator 8.5.2 - Unemployment rate (%),NAM - LFS - Labour force survey,Sex: Total,"Age (Youth, adults): 15-64",2016,24.0633,,,,Repository: ILO-STATISTICS - Micro data processing
Namibia,SDG indicator 8.5.2 - Unemployment rate (%),NAM - LFS - Labour force survey,Sex: Total,"Age (Youth, adults): 15-64",2018,20.7892,,,,Repository: ILO-STATISTICS - Micro data processing
Niger,SDG indicator 8.5.2 - Unemployment rate (%),NER - LFS - Enquête Régionale Intégrée sur l'Emploi et le Secteur Informel,Sex: Total,"Age (Youth, adults): 15-64",2017,8.117,,,,Repository: ILO-STATISTICS - Micro data processing
Nigeria,SDG indicator 8.5.2 - Unemployment rate (%),NGA - HS - General Household Survey,Sex: Total,"Age (Youth, adults): 15-64",2019,8.9726,,,,Repository: ILO-STATISTICS - Micro data processing | Employment definition: Excluding own-use production workers
Netherlands,SDG indicator 8.5.2 - Unemployment rate (%),NLD - LFS - EU Labour Force Survey,Sex: Total,"Age (Youth, adults): 15-64",2015,6.9219,,,,Repository: Eurostat special tabulation
Netherlands,SDG indicator 8.5.2 - Unemployment rate (%),NLD - LFS - EU Labour Force Survey,Sex: Total,"Age (Youth, adults): 15-64",2016,6.0582,,,,Repository: Eurostat special tabulation
Netherlands,SDG indicator 8.5.2 - Unemployment rate (%),NLD - LFS - EU Labour Force Survey,Sex: Total,"Age (Youth, adults): 15-64",2017,4.8637,,,,Repository: Eurostat special tabulation
Netherlands,SDG indicator 8.5.2 - Unemployment rate (%),NLD - LFS - EU Labour Force Survey,Sex: Total,"Age (Youth, adults): 15-64",2018,3.8309,,,,Repository: Eurostat special tabulation
Netherlands,SDG indicator 8.5.2 - Unemployment rate (%),NLD - LFS - EU Labour Force Survey,Sex: Total,"Age (Youth, adults): 15-64",2019,3.3744,,,,Repository: Eurostat special tabulation
Norway,SDG indicator 8.5.2 - Unemployment rate (%),NOR - LFS - EU Labour Force Survey,Sex: Total,"Age (Youth, adults): 15-64",2015,4.4206,,,,Repository: Eurostat special tabulation
Norway,SDG indicator 8.5.2 - Unemployment rate (%),NOR - LFS - EU Labour Force Survey,Sex: Total,"Age (Youth, adults): 15-64",2016,4.8121,,,,Repository: Eurostat special tabulation
Norway,SDG indicator 8.5.2 - Unemployment rate (%),NOR - LFS - EU Labour Force Survey,Sex: Total,"Age (Youth, adults): 15-64",2017,4.2716,,,,Repository: Eurostat special tabulation
Norway,SDG indicator 8.5.2 - Unemployment rate (%),NOR - LFS - EU Labour Force Survey,Sex: Total,"Age (Youth, adults): 15-64",2018,3.9204,,,,Repository: Eurostat special tabulation
Norway,SDG indicator 8.5.2 - Unemployment rate (%),NOR - LFS - EU Labour Force Survey,Sex: Total,"Age (Youth, adults): 15-64",2019,3.7848,,,,Repository: Eurostat special tabulation
Nepal,SDG indicator 8.5.2 - Unemployment rate (%),NPL - LFS - Nepal Labour Force Survey,Sex: Total,"Age (Youth, adults): 15-64",2017,11.6829,,,,Repository: ILO-STATISTICS - Micro data processing
New Zealand,SDG indicator 8.5.2 - Unemployment rate (%),NZL - LFS - Household Labour Force Survey,Sex: Total,"Age (Youth, adults): 15-64",2015,5.5835,,,,
New Zealand,SDG indicator 8.5.2 - Unemployment rate (%),NZL - LFS - Household Labour Force Survey,Sex: Total,"Age (Youth, adults): 15-64",2016,5.329,,,,Repository: OECD
New Zealand,SDG indicator 8.5.2 - Unemployment rate (%),NZL - LFS - Household Labour Force Survey,Sex: Total,"Age (Youth, adults): 15-64",2017,4.941,,,,Repository: OECD
New Zealand,SDG indicator 8.5.2 - Unemployment rate (%),NZL - LFS - Household Labour Force Survey,Sex: Total,"Age (Youth, adults): 15-64",2018,4.4792,,,,
New Zealand,SDG indicator 8.5.2 - Unemployment rate (%),NZL - LFS - Household Labour Force Survey,Sex: Total,"Age (Youth, adults): 15-64",2019,4.2548,,,,
Oman,SDG indicator 8.5.2 - Unemployment rate (%),OMN - LFS - Labour force survey,Sex: Total,"Age (Youth, adults): 15-64",2016,3.28,,,Break in series: Methodology revised,Age coverage - maximum age: 60 years old
Pakistan,SDG indicator 8.5.2 - Unemployment rate (%),PAK - LFS - Labour Force Survey,Sex: Total,"Age (Youth, adults): 15-64",2015,3.4409,,,,Repository: ILO-STATISTICS - Micro data processing
Pakistan,SDG indicator 8.5.2 - Unemployment rate (%),PAK - LFS - Labour Force Survey,Sex: Total,"Age (Youth, adults): 15-64",2018,4.1185,,,,Repository: ILO-STATISTICS - Micro data processing | Data reference period: Noncalendar year
Panama,SDG indicator 8.5.2 - Unemployment rate (%),PAN - LFS - Encuesta de Mercado Laboral,Sex: Total,"Age (Youth, adults): 15-64",2015,3.153,,,,Repository: ILO-STATISTICS - Micro data processing | Data reference period: August
Panama,SDG indicator 8.5.2 - Unemployment rate (%),PAN - LFS - Encuesta de Mercado Laboral,Sex: Total,"Age (Youth, adults): 15-64",2016,3.4709,,,,Repository: ILO-STATISTICS - Micro data processing | Data reference period: August
Panama,SDG indicator 8.5.2 - Unemployment rate (%),PAN - LFS - Encuesta de Mercado Laboral,Sex: Total,"Age (Youth, adults): 15-64",2017,4.1118,,,,Repository: ILO-STATISTICS - Micro data processing | Data reference period: August
Panama,SDG indicator 8.5.2 - Unemployment rate (%),PAN - LFS - Encuesta de Mercado Laboral,Sex: Total,"Age (Youth, adults): 15-64",2018,4.0799,,,,Repository: ILO-STATISTICS - Micro data processing | Data reference period: August
Panama,SDG indicator 8.5.2 - Unemployment rate (%),PAN - LFS - Encuesta de Mercado Laboral,Sex: Total,"Age (Youth, adults): 15-64",2019,4.9913,,,,Repository: ILO-STATISTICS - Micro data processing | Data reference period: August
Philippines,SDG indicator 8.5.2 - Unemployment rate (%),PHL - LFS - Labor Force Survey,Sex: Total,"Age (Youth, adults): 15-64",2015,3.1852,,,,Repository: ILO-STATISTICS - Micro data processing
Philippines,SDG indicator 8.5.2 - Unemployment rate (%),PHL - LFS - Labor Force Survey,Sex: Total,"Age (Youth, adults): 15-64",2016,2.802,,,,Repository: ILO-STATISTICS - Micro data processing
Philippines,SDG indicator 8.5.2 - Unemployment rate (%),PHL - LFS - Labor Force Survey,Sex: Total,"Age (Youth, adults): 15-64",2017,2.6514,,,,Repository: ILO-STATISTICS - Micro data processing
Philippines,SDG indicator 8.5.2 - Unemployment rate (%),PHL - LFS - Labor Force Survey,Sex: Total,"Age (Youth, adults): 15-64",2018,2.4354,,,,Repository: ILO-STATISTICS - Micro data processing
Philippines,SDG indicator 8.5.2 - Unemployment rate (%),PHL - LFS - Labor Force Survey,Sex: Total,"Age (Youth, adults): 15-64",2019,2.3272,,,,Repository: ILO-STATISTICS - Micro data processing
Poland,SDG indicator 8.5.2 - Unemployment rate (%),POL - LFS - EU Labour Force Survey,Sex: Total,"Age (Youth, adults): 15-64",2015,7.598,,,,Repository: Eurostat special tabulation
Poland,SDG indicator 8.5.2 - Unemployment rate (%),POL - LFS - EU Labour Force Survey,Sex: Total,"Age (Youth, adults): 15-64",2016,6.2444,,,,Repository: Eurostat special tabulation
Poland,SDG indicator 8.5.2 - Unemployment rate (%),POL - LFS - EU Labour Force Survey,Sex: Total,"Age (Youth, adults): 15-64",2017,4.9669,,,,Repository: Eurostat special tabulation
Poland,SDG indicator 8.5.2 - Unemployment rate (%),POL - LFS - EU Labour Force Survey,Sex: Total,"Age (Youth, adults): 15-64",2018,3.9102,,,,Repository: Eurostat special tabulation
Poland,SDG indicator 8.5.2 - Unemployment rate (%),POL - LFS - EU Labour Force Survey,Sex: Total,"Age (Youth, adults): 15-64",2019,3.3362,,,,Repository: Eurostat special tabulation
Portugal,SDG indicator 8.5.2 - Unemployment rate (%),PRT - LFS - EU Labour Force Survey,Sex: Total,"Age (Youth, adults): 15-64",2015,12.9375,,,,Repository: Eurostat special tabulation
Portugal,SDG indicator 8.5.2 - Unemployment rate (%),PRT - LFS - EU Labour Force Survey,Sex: Total,"Age (Youth, adults): 15-64",2016,11.5052,,,,Repository: Eurostat special tabulation
Portugal,SDG indicator 8.5.2 - Unemployment rate (%),PRT - LFS - EU Labour Force Survey,Sex: Total,"Age (Youth, adults): 15-64",2017,9.1843,,,,Repository: Eurostat special tabulation
Portugal,SDG indicator 8.5.2 - Unemployment rate (%),PRT - LFS - EU Labour Force Survey,Sex: Total,"Age (Youth, adults): 15-64",2018,7.2601,,,,Repository: Eurostat special tabulation
Portugal,SDG indicator 8.5.2 - Unemployment rate (%),PRT - LFS - EU Labour Force Survey,Sex: Total,"Age (Youth, adults): 15-64",2019,6.7021,,,,Repository: Eurostat special tabulation
Paraguay,SDG indicator 8.5.2 - Unemployment rate (%),PRY - HS - Encuesta Permanente de Hogares,Sex: Total,"Age (Youth, adults): 15-64",2015,4.73,,,,Repository: ILO-STATISTICS - Micro data processing
Paraguay,SDG indicator 8.5.2 - Unemployment rate (%),PRY - HS - Encuesta Permanente de Hogares,Sex: Total,"Age (Youth, adults): 15-64",2016,5.388,,,,Repository: ILO-STATISTICS - Micro data processing
Paraguay,SDG indicator 8.5.2 - Unemployment rate (%),PRY - HS - Encuesta Permanente de Hogares,Sex: Total,"Age (Youth, adults): 15-64",2017,4.743,,,,Repository: ILO-STATISTICS - Micro data processing
Paraguay,SDG indicator 8.5.2 - Unemployment rate (%),PRY - HS - Encuesta Permanente de Hogares Continua,Sex: Total,"Age (Youth, adults): 15-64",2018,6.3966,,,,Repository: ILO-STATISTICS - Micro data processing
Paraguay,SDG indicator 8.5.2 - Unemployment rate (%),PRY - HS - Encuesta Permanente de Hogares Continua,Sex: Total,"Age (Youth, adults): 15-64",2019,6.8408,,,,Repository: ILO-STATISTICS - Micro data processing
Occupied Palestinian Territory,SDG indicator 8.5.2 - Unemployment rate (%),PSE - LFS - Palestinian labour force survey,Sex: Total,"Age (Youth, adults): 15-64",2015,23.1981,,,,Repository: ILO-STATISTICS - Micro data processing
Occupied Palestinian Territory,SDG indicator 8.5.2 - Unemployment rate (%),PSE - LFS - Palestinian labour force survey,Sex: Total,"Age (Youth, adults): 15-64",2016,24.1046,,,,Repository: ILO-STATISTICS - Micro data processing
Occupied Palestinian Territory,SDG indicator 8.5.2 - Unemployment rate (%),PSE - LFS - Palestinian labour force survey,Sex: Total,"Age (Youth, adults): 15-64",2017,25.8322,,,,Repository: ILO-STATISTICS - Micro data processing
Occupied Palestinian Territory,SDG indicator 8.5.2 - Unemployment rate (%),PSE - LFS - Palestinian labour force survey,Sex: Total,"Age (Youth, adults): 15-64",2018,26.4584,,,,Repository: ILO-STATISTICS - Micro data processing
Occupied Palestinian Territory,SDG indicator 8.5.2 - Unemployment rate (%),PSE - LFS - Palestinian labour force survey,Sex: Total,"Age (Youth, adults): 15-64",2019,25.5714,,,,Repository: ILO-STATISTICS - Micro data processing
Romania,SDG indicator 8.5.2 - Unemployment rate (%),ROU - LFS - EU Labour Force Survey,Sex: Total,"Age (Youth, adults): 15-64",2015,7.0373,,,,Repository: Eurostat special tabulation
Romania,SDG indicator 8.5.2 - Unemployment rate (%),ROU - LFS - EU Labour Force Survey,Sex: Total,"Age (Youth, adults): 15-64",2016,6.0909,,,,Repository: Eurostat special tabulation
Romania,SDG indicator 8.5.2 - Unemployment rate (%),ROU - LFS - EU Labour Force Survey,Sex: Total,"Age (Youth, adults): 15-64",2017,5.0922,,,,Repository: Eurostat special tabulation
Romania,SDG indicator 8.5.2 - Unemployment rate (%),ROU - LFS - EU Labour Force Survey,Sex: Total,"Age (Youth, adults): 15-64",2018,4.3288,,,,Repository: Eurostat special tabulation
Romania,SDG indicator 8.5.2 - Unemployment rate (%),ROU - LFS - EU Labour Force Survey,Sex: Total,"Age (Youth, adults): 15-64",2019,4.0269,,,,Repository: Eurostat special tabulation
Russian Federation,SDG indicator 8.5.2 - Unemployment rate (%),RUS - LFS - Labour force survey,Sex: Total,"Age (Youth, adults): 15-64",2015,5.6044,,,,Repository: ILO-STATISTICS - Micro data processing
Russian Federation,SDG indicator 8.5.2 - Unemployment rate (%),RUS - LFS - Labour force survey,Sex: Total,"Age (Youth, adults): 15-64",2016,5.5892,,,"Remarks: Information provided by the Russian Federation. Includes statistical data for the Autonomous Republic of Crimea and the city of Sevastopol, Ukraine, temporarily occupied by the Russian Federation",Repository: ILO-STATISTICS - Micro data processing
Russian Federation,SDG indicator 8.5.2 - Unemployment rate (%),RUS - LFS - Labour force survey,Sex: Total,"Age (Youth, adults): 15-64",2017,5.242,,,"Remarks: Information provided by the Russian Federation. Includes statistical data for the Autonomous Republic of Crimea and the city of Sevastopol, Ukraine, temporarily occupied by the Russian Federation",Repository: ILO-STATISTICS - Micro data processing
Russian Federation,SDG indicator 8.5.2 - Unemployment rate (%),RUS - LFS - Labour force survey,Sex: Total,"Age (Youth, adults): 15-64",2018,4.8826,,,"Remarks: Information provided by the Russian Federation. Includes statistical data for the Autonomous Republic of Crimea and the city of Sevastopol, Ukraine, temporarily occupied by the Russian Federation",Repository: ILO-STATISTICS - Micro data processing
Russian Federation,SDG indicator 8.5.2 - Unemployment rate (%),RUS - LFS - Labour force survey,Sex: Total,"Age (Youth, adults): 15-64",2019,4.629,,,"Remarks: Information provided by the Russian Federation. Includes statistical data for the Autonomous Republic of Crimea and the city of Sevastopol, Ukraine, temporarily occupied by the Russian Federation",Repository: OECD | Age coverage - maximum age: 72 years old
Rwanda,SDG indicator 8.5.2 - Unemployment rate (%),RWA - LFS - Enquête sur la population active,Sex: Total,"Age (Youth, adults): 15-64",2017,17.4605,,,,Repository: ILO-STATISTICS - Micro data processing | Employment definition: Excluding own-use production workers
Rwanda,SDG indicator 8.5.2 - Unemployment rate (%),RWA - LFS - Enquête sur la population active,Sex: Total,"Age (Youth, adults): 15-64",2018,15.2373,,,,Repository: ILO-STATISTICS - Micro data processing | Employment definition: Excluding own-use production workers
Saudi Arabia,SDG indicator 8.5.2 - Unemployment rate (%),SAU - LFS - Labour force survey,Sex: Total,"Age (Youth, adults): 15-64",2015,5.66,,,,Data reference period: Second semester
Saudi Arabia,SDG indicator 8.5.2 - Unemployment rate (%),SAU - LFS - Labour force survey,Sex: Total,"Age (Youth, adults): 15-64",2016,5.7,,,,Data reference period: Second semester
Saudi Arabia,SDG indicator 8.5.2 - Unemployment rate (%),SAU - LFS - Labour force survey,Sex: Total,"Age (Youth, adults): 15-64",2018,6.1,,,,Data reference period: Second semester
Senegal,SDG indicator 8.5.2 - Unemployment rate (%),SEN - LFS - Enquête Nationale sur l'Emploi,Sex: Total,"Age (Youth, adults): 15-64",2015,6.921,,,,Repository: ILO-STATISTICS - Micro data processing
Singapore,SDG indicator 8.5.2 - Unemployment rate (%),SGP - LFS - Labour Force Survey,Sex: Total,"Age (Youth, adults): 15-64",2015,3.76,,,,"Data reference period: June | Population coverage: Nationals, residents"
Singapore,SDG indicator 8.5.2 - Unemployment rate (%),SGP - LFS - Labour Force Survey,Sex: Total,"Age (Youth, adults): 15-64",2016,4.1,,,,"Data reference period: June | Population coverage: Nationals, residents"
El Salvador,SDG indicator 8.5.2 - Unemployment rate (%),SLV - HS - Encuesta de Hogares de Propósitos Múltiples,Sex: Total,"Age (Youth, adults): 15-64",2015,4.1581,,,,Repository: ILO-STATISTICS - Micro data processing | Age coverage - minimum age: 16 years old
El Salvador,SDG indicator 8.5.2 - Unemployment rate (%),SLV - HS - Encuesta de Hogares de Propósitos Múltiples,Sex: Total,"Age (Youth, adults): 15-64",2016,4.6146,,,,Repository: ILO-STATISTICS - Micro data processing | Age coverage - minimum age: 16 years old
El Salvador,SDG indicator 8.5.2 - Unemployment rate (%),SLV - HS - Encuesta de Hogares de Propósitos Múltiples,Sex: Total,"Age (Youth, adults): 15-64",2017,4.5855,,,,Repository: ILO-STATISTICS - Micro data processing | Age coverage - minimum age: 16 years old
El Salvador,SDG indicator 8.5.2 - Unemployment rate (%),SLV - HS - Encuesta de Hogares de Propósitos Múltiples,Sex: Total,"Age (Youth, adults): 15-64",2018,4.2247,,,,Repository: ILO-STATISTICS - Micro data processing | Age coverage - minimum age: 16 years old
El Salvador,SDG indicator 8.5.2 - Unemployment rate (%),SLV - HS - Encuesta de Hogares de Propósitos Múltiples,Sex: Total,"Age (Youth, adults): 15-64",2019,4.3819,,,,Repository: ILO-STATISTICS - Micro data processing | Age coverage - minimum age: 16 years old
San Marino,SDG indicator 8.5.2 - Unemployment rate (%),"SMR - OE - Estimates of the Office of economic planning, data processing and statistics",Sex: Total,"Age (Youth, adults): 15-64",2015,7.41,,,,Data reference period: End of the year
San Marino,SDG indicator 8.5.2 - Unemployment rate (%),"SMR - OE - Estimates of the Office of economic planning, data processing and statistics",Sex: Total,"Age (Youth, adults): 15-64",2016,6.46,,,,Data reference period: End of the year
Serbia,SDG indicator 8.5.2 - Unemployment rate (%),SRB - LFS - Labour force survey,Sex: Total,"Age (Youth, adults): 15-64",2015,18.2366,,,,Repository: ILO-STATISTICS - Micro data processing
Serbia,SDG indicator 8.5.2 - Unemployment rate (%),SRB - LFS - Labour force survey,Sex: Total,"Age (Youth, adults): 15-64",2016,15.9236,,,,Repository: ILO-STATISTICS - Micro data processing
Serbia,SDG indicator 8.5.2 - Unemployment rate (%),SRB - LFS - Labour force survey,Sex: Total,"Age (Youth, adults): 15-64",2017,14.056,,,,Repository: ILO-STATISTICS - Micro data processing
Serbia,SDG indicator 8.5.2 - Unemployment rate (%),SRB - LFS - Labour force survey,Sex: Total,"Age (Youth, adults): 15-64",2018,13.3063,,,,Repository: ILO-STATISTICS - Micro data processing
Serbia,SDG indicator 8.5.2 - Unemployment rate (%),SRB - LFS - Labour force survey,Sex: Total,"Age (Youth, adults): 15-64",2019,10.9285,,,,Repository: ILO-STATISTICS - Micro data processing
Suriname,SDG indicator 8.5.2 - Unemployment rate (%),SUR - LFS - Continuous Household Sample Survey,Sex: Total,"Age (Youth, adults): 15-64",2015,7.22,,,,Data reference period: First semester | Geographical coverage: Urban areas only | Population coverage: Excluding institutional population | Age coverage - maximum age: 64 years old
Slovakia,SDG indicator 8.5.2 - Unemployment rate (%),SVK - LFS - EU Labour Force Survey,Sex: Total,"Age (Youth, adults): 15-64",2015,11.5436,,,,Repository: Eurostat special tabulation
Slovakia,SDG indicator 8.5.2 - Unemployment rate (%),SVK - LFS - EU Labour Force Survey,Sex: Total,"Age (Youth, adults): 15-64",2016,9.7253,,,,Repository: Eurostat special tabulation
Slovakia,SDG indicator 8.5.2 - Unemployment rate (%),SVK - LFS - EU Labour Force Survey,Sex: Total,"Age (Youth, adults): 15-64",2017,8.198,,,,Repository: Eurostat special tabulation
Slovakia,SDG indicator 8.5.2 - Unemployment rate (%),SVK - LFS - EU Labour Force Survey,Sex: Total,"Age (Youth, adults): 15-64",2018,6.6088,,,,Repository: Eurostat special tabulation
Slovakia,SDG indicator 8.5.2 - Unemployment rate (%),SVK - LFS - EU Labour Force Survey,Sex: Total,"Age (Youth, adults): 15-64",2019,5.8365,,,,Repository: Eurostat special tabulation
Slovenia,SDG indicator 8.5.2 - Unemployment rate (%),SVN - LFS - EU Labour Force Survey,Sex: Total,"Age (Youth, adults): 15-64",2015,9.1056,,,,Repository: Eurostat special tabulation
Slovenia,SDG indicator 8.5.2 - Unemployment rate (%),SVN - LFS - EU Labour Force Survey,Sex: Total,"Age (Youth, adults): 15-64",2016,8.102,,,,Repository: Eurostat special tabulation
Slovenia,SDG indicator 8.5.2 - Unemployment rate (%),SVN - LFS - EU Labour Force Survey,Sex: Total,"Age (Youth, adults): 15-64",2017,6.6658,,,,Repository: Eurostat special tabulation
Slovenia,SDG indicator 8.5.2 - Unemployment rate (%),SVN - LFS - EU Labour Force Survey,Sex: Total,"Age (Youth, adults): 15-64",2018,5.2024,,,,Repository: Eurostat special tabulation
Slovenia,SDG indicator 8.5.2 - Unemployment rate (%),SVN - LFS - EU Labour Force Survey,Sex: Total,"Age (Youth, adults): 15-64",2019,4.5022,,,,Repository: Eurostat special tabulation
Sweden,SDG indicator 8.5.2 - Unemployment rate (%),SWE - LFS - EU Labour Force Survey,Sex: Total,"Age (Youth, adults): 15-64",2015,7.6114,,,,Repository: Eurostat special tabulation
Sweden,SDG indicator 8.5.2 - Unemployment rate (%),SWE - LFS - EU Labour Force Survey,Sex: Total,"Age (Youth, adults): 15-64",2016,7.1487,,,,Repository: Eurostat special tabulation
Sweden,SDG indicator 8.5.2 - Unemployment rate (%),SWE - LFS - EU Labour Force Survey,Sex: Total,"Age (Youth, adults): 15-64",2017,6.8632,,,,Repository: Eurostat special tabulation
Sweden,SDG indicator 8.5.2 - Unemployment rate (%),SWE - LFS - EU Labour Force Survey,Sex: Total,"Age (Youth, adults): 15-64",2018,6.4974,Break in series,,Break in series: Methodology revised,Repository: Eurostat special tabulation
Sweden,SDG indicator 8.5.2 - Unemployment rate (%),SWE - LFS - EU Labour Force Survey,Sex: Total,"Age (Youth, adults): 15-64",2019,6.9997,,,,Repository: Eurostat special tabulation
Eswatini,SDG indicator 8.5.2 - Unemployment rate (%),SWZ - LFS - Labour force survey,Sex: Total,"Age (Youth, adults): 15-64",2016,23.1855,,,,Repository: ILO-STATISTICS - Micro data processing
Seychelles,SDG indicator 8.5.2 - Unemployment rate (%),SYC - LFS - Labour force survey,Sex: Total,"Age (Youth, adults): 15-64",2015,4.2156,,,,Repository: ILO-STATISTICS - Micro data processing
Seychelles,SDG indicator 8.5.2 - Unemployment rate (%),SYC - LFS - Labour force survey,Sex: Total,"Age (Youth, adults): 15-64",2016,4.0413,,,,Repository: ILO-STATISTICS - Micro data processing
Seychelles,SDG indicator 8.5.2 - Unemployment rate (%),SYC - LFS - Labour force survey,Sex: Total,"Age (Youth, adults): 15-64",2017,3.7671,,,,Repository: ILO-STATISTICS - Micro data processing
Seychelles,SDG indicator 8.5.2 - Unemployment rate (%),SYC - LFS - Labour force survey,Sex: Total,"Age (Youth, adults): 15-64",2018,3.586,,,,Repository: ILO-STATISTICS - Micro data processing
Seychelles,SDG indicator 8.5.2 - Unemployment rate (%),SYC - LFS - Labour force survey,Sex: Total,"Age (Youth, adults): 15-64",2019,2.9902,,,,Repository: ILO-STATISTICS - Micro data processing
Togo,SDG indicator 8.5.2 - Unemployment rate (%),TGO - LFS - Enquête Régionale Intégrée sur l'Emploi et le Secteur Informel,Sex: Total,"Age (Youth, adults): 15-64",2017,3.9603,,,,Repository: ILO-STATISTICS - Micro data processing | Age coverage - minimum age: 10 years old | Age coverage - maximum age: 75 years old
Togo,SDG indicator 8.5.2 - Unemployment rate (%),TGO - HIES - Questionnaire des Indicateurs de Base du Bien-être,Sex: Total,"Age (Youth, adults): 15-64",2015,2.3112,,,,Repository: ILO-STATISTICS - Micro data processing
Thailand,SDG indicator 8.5.2 - Unemployment rate (%),THA - LFS - Labour force survey,Sex: Total,"Age (Youth, adults): 15-64",2015,0.6229,,,,Repository: ILO-STATISTICS - Micro data processing
Thailand,SDG indicator 8.5.2 - Unemployment rate (%),THA - LFS - Labour force survey,Sex: Total,"Age (Youth, adults): 15-64",2016,0.7215,,,,Repository: ILO-STATISTICS - Micro data processing
Thailand,SDG indicator 8.5.2 - Unemployment rate (%),THA - LFS - Labour force survey,Sex: Total,"Age (Youth, adults): 15-64",2017,0.87,,,,Repository: ILO-STATISTICS - Micro data processing
Thailand,SDG indicator 8.5.2 - Unemployment rate (%),THA - LFS - Labour force survey,Sex: Total,"Age (Youth, adults): 15-64",2018,0.8062,,,,Repository: ILO-STATISTICS - Micro data processing
Thailand,SDG indicator 8.5.2 - Unemployment rate (%),THA - LFS - Labour force survey,Sex: Total,"Age (Youth, adults): 15-64",2019,0.7544,,,,Repository: ILO-STATISTICS - Micro data processing
Timor-Leste,SDG indicator 8.5.2 - Unemployment rate (%),TLS - LFS - Labour Force Survey,Sex: Total,"Age (Youth, adults): 15-64",2016,4.9556,,,,Repository: ILO-STATISTICS - Micro data processing | Employment definition: Including subsistence workers
Tonga,SDG indicator 8.5.2 - Unemployment rate (%),TON - LFS - Labour force survey,Sex: Total,"Age (Youth, adults): 15-64",2018,3.2189,,,,Repository: ILO-STATISTICS - Micro data processing | Employment definition: Excluding own-use production workers
Tunisia,SDG indicator 8.5.2 - Unemployment rate (%),TUN - LFS - Enquête nationale sur la population et l'emploi,Sex: Total,"Age (Youth, adults): 15-64",2015,15.3889,,,,Repository: ILO-STATISTICS - Micro data processing | Data reference period: Second quarter
Turkey,SDG indicator 8.5.2 - Unemployment rate (%),TUR - LFS - EU Labour Force Survey,Sex: Total,"Age (Youth, adults): 15-64",2015,10.4411,,,,Repository: Eurostat special tabulation
Turkey,SDG indicator 8.5.2 - Unemployment rate (%),TUR - LFS - EU Labour Force Survey,Sex: Total,"Age (Youth, adults): 15-64",2016,11.0525,,,,Repository: Eurostat special tabulation
Turkey,SDG indicator 8.5.2 - Unemployment rate (%),TUR - LFS - EU Labour Force Survey,Sex: Total,"Age (Youth, adults): 15-64",2017,11.053,,,,Repository: Eurostat special tabulation
Turkey,SDG indicator 8.5.2 - Unemployment rate (%),TUR - LFS - EU Labour Force Survey,Sex: Total,"Age (Youth, adults): 15-64",2018,11.1195,,,,Repository: Eurostat special tabulation
Turkey,SDG indicator 8.5.2 - Unemployment rate (%),TUR - LFS - EU Labour Force Survey,Sex: Total,"Age (Youth, adults): 15-64",2019,13.9609,,,,Repository: Eurostat special tabulation
Tuvalu,SDG indicator 8.5.2 - Unemployment rate (%),TUV - HIES - Household Income and Expenditure Survey,Sex: Total,"Age (Youth, adults): 15-64",2016,8.7201,,,,Repository: ILO-STATISTICS - Micro data processing | Age coverage - minimum age: Nonstandard minimum age
Uganda,SDG indicator 8.5.2 - Unemployment rate (%),UGA - LFS - National Labour Force,Sex: Total,"Age (Youth, adults): 15-64",2017,10.0031,,,,Repository: ILO-STATISTICS - Micro data processing | Employment definition: Excluding own-use production workers
Ukraine,SDG indicator 8.5.2 - Unemployment rate (%),UKR - LFS - Labour force survey,Sex: Total,"Age (Youth, adults): 15-64",2015,9.24,,,,"Geographical coverage: Total national, excluding some areas | Population coverage: Excluding both institutional population and armed forces and/or conscripts"
Ukraine,SDG indicator 8.5.2 - Unemployment rate (%),UKR - LFS - Labour force survey,Sex: Total,"Age (Youth, adults): 15-64",2016,9.45,,,,"Geographical coverage: Total national, excluding some areas | Population coverage: Excluding both institutional population and armed forces and/or conscripts"
Ukraine,SDG indicator 8.5.2 - Unemployment rate (%),UKR - LFS - Labour force survey,Sex: Total,"Age (Youth, adults): 15-64",2018,9.1211,,,,Repository: ILO-STATISTICS - Micro data processing
Uruguay,SDG indicator 8.5.2 - Unemployment rate (%),URY - LFS - Encuesta Continua de Hogares,Sex: Total,"Age (Youth, adults): 15-64",2015,7.7062,,,,Repository: ILO-STATISTICS - Micro data processing
Uruguay,SDG indicator 8.5.2 - Unemployment rate (%),URY - LFS - Encuesta Continua de Hogares,Sex: Total,"Age (Youth, adults): 15-64",2016,8.0649,,,,Repository: ILO-STATISTICS - Micro data processing
Uruguay,SDG indicator 8.5.2 - Unemployment rate (%),URY - LFS - Encuesta Continua de Hogares,Sex: Total,"Age (Youth, adults): 15-64",2017,8.1399,,,,Repository: ILO-STATISTICS - Micro data processing
Uruguay,SDG indicator 8.5.2 - Unemployment rate (%),URY - LFS - Encuesta Continua de Hogares,Sex: Total,"Age (Youth, adults): 15-64",2018,8.5756,,,,Repository: ILO-STATISTICS - Micro data processing
Uruguay,SDG indicator 8.5.2 - Unemployment rate (%),URY - LFS - Encuesta Continua de Hogares,Sex: Total,"Age (Youth, adults): 15-64",2019,9.5715,,,,Repository: ILO-STATISTICS - Micro data processing | Employment definition: Excluding own-use production workers
United States,SDG indicator 8.5.2 - Unemployment rate (%),USA - LFS - Current Population Survey,Sex: Total,"Age (Youth, adults): 15-64",2015,5.3661,,Nonstandard age group: Excluding age 15,,Repository: ILO-STATISTICS - Micro data processing | Age coverage - minimum age: 16 years old
United States,SDG indicator 8.5.2 - Unemployment rate (%),USA - LFS - Current Population Survey,Sex: Total,"Age (Youth, adults): 15-64",2016,4.9337,,Nonstandard age group: Excluding age 15,,Repository: ILO-STATISTICS - Micro data processing | Age coverage - minimum age: 16 years old
United States,SDG indicator 8.5.2 - Unemployment rate (%),USA - LFS - Current Population Survey,Sex: Total,"Age (Youth, adults): 15-64",2017,4.404,,Nonstandard age group: Excluding age 15,,Repository: ILO-STATISTICS - Micro data processing | Age coverage - minimum age: 16 years old
United States,SDG indicator 8.5.2 - Unemployment rate (%),USA - LFS - Current Population Survey,Sex: Total,"Age (Youth, adults): 15-64",2018,3.9376,,Nonstandard age group: Excluding age 15,,Repository: ILO-STATISTICS - Micro data processing | Age coverage - minimum age: 16 years old
United States,SDG indicator 8.5.2 - Unemployment rate (%),USA - LFS - Current Population Survey,Sex: Total,"Age (Youth, adults): 15-64",2019,3.718,,Nonstandard age group: Excluding age 15,,Repository: ILO-STATISTICS - Micro data processing | Age coverage - minimum age: 16 years old
Viet Nam,SDG indicator 8.5.2 - Unemployment rate (%),VNM - LFS - Labour force survey,Sex: Total,"Age (Youth, adults): 15-64",2015,1.9191,,,,Repository: ILO-STATISTICS - Micro data processing
Viet Nam,SDG indicator 8.5.2 - Unemployment rate (%),VNM - LFS - Labour force survey,Sex: Total,"Age (Youth, adults): 15-64",2016,1.9149,,,,Repository: ILO-STATISTICS - Micro data processing
Viet Nam,SDG indicator 8.5.2 - Unemployment rate (%),VNM - LFS - Labour force survey,Sex: Total,"Age (Youth, adults): 15-64",2017,1.944,,,,Repository: ILO-STATISTICS - Micro data processing
Viet Nam,SDG indicator 8.5.2 - Unemployment rate (%),VNM - LFS - Labour force survey,Sex: Total,"Age (Youth, adults): 15-64",2018,1.2083,,,,Repository: ILO-STATISTICS - Micro data processing
Viet Nam,SDG indicator 8.5.2 - Unemployment rate (%),VNM - LFS - Labour force survey,Sex: Total,"Age (Youth, adults): 15-64",2019,2.0831,,,,Repository: ILO-STATISTICS - Micro data processing | Employment definition: Excluding own-use production workers
Samoa,SDG indicator 8.5.2 - Unemployment rate (%),WSM - LFS - Labour force survey,Sex: Total,"Age (Youth, adults): 15-64",2017,14.8768,,,,Repository: ILO-STATISTICS - Micro data processing | Employment definition: Excluding own-use production workers
South Africa,SDG indicator 8.5.2 - Unemployment rate (%),ZAF - LFS - Quarterly Labour Force Survey,Sex: Total,"Age (Youth, adults): 15-64",2015,25.3451,,,,Repository: ILO-STATISTICS - Micro data processing
South Africa,SDG indicator 8.5.2 - Unemployment rate (%),ZAF - LFS - Quarterly Labour Force Survey,Sex: Total,"Age (Youth, adults): 15-64",2016,26.7481,,,,Repository: ILO-STATISTICS - Micro data processing
South Africa,SDG indicator 8.5.2 - Unemployment rate (%),ZAF - LFS - Quarterly Labour Force Survey,Sex: Total,"Age (Youth, adults): 15-64",2017,27.253,,,,Repository: ILO-STATISTICS - Micro data processing
South Africa,SDG indicator 8.5.2 - Unemployment rate (%),ZAF - LFS - Quarterly Labour Force Survey,Sex: Total,"Age (Youth, adults): 15-64",2018,27.1441,,,,Repository: ILO-STATISTICS - Micro data processing
South Africa,SDG indicator 8.5.2 - Unemployment rate (%),ZAF - LFS - Quarterly Labour Force Survey,Sex: Total,"Age (Youth, adults): 15-64",2019,28.7144,,,,Repository: ILO-STATISTICS - Micro data processing
Zambia,SDG indicator 8.5.2 - Unemployment rate (%),ZMB - LFS - Labour Force Survey,Sex: Total,"Age (Youth, adults): 15-64",2017,11.8471,,,,Repository: ILO-STATISTICS - Micro data processing | Employment definition: Excluding own-use production workers
Zambia,SDG indicator 8.5.2 - Unemployment rate (%),ZMB - LFS - Labour Force Survey,Sex: Total,"Age (Youth, adults): 15-64",2018,12.1641,,,,Repository: ILO-STATISTICS - Micro data processing
